[{"id":"1","title":"Signup Form","status":"published","appearance_settings":null,"form_fields":{"fields":[{"index":1,"element":"input_email","attributes":{"type":"email","name":"email","value":"","id":"","class":"","placeholder":"Email Address"},"settings":{"container_class":"","label":"","label_placement":"","help_message":"","admin_field_label":"","validation_rules":{"required":{"value":false,"message":"This field is required"},"email":{"value":true,"message":"This field must contain a valid email"}},"conditional_logics":[],"is_unique":"no","unique_validation_message":"Email address need to be unique."},"editor_options":{"title":"Email Address","icon_class":"ff-edit-email","template":"inputText"},"uniqElKey":"el_1603547243373"}],"submitButton":{"uniqElKey":"el_1524065200616","element":"button","attributes":{"type":"submit","class":""},"settings":{"align":"right","button_style":"default","container_class":"","help_message":"","background_color":"#409EFF","button_size":"lg","color":"#ffffff","button_ui":{"type":"default","text":"Submit Form","img_url":""},"normal_styles":{"backgroundColor":"#409EFF","borderColor":"#409EFF","color":"#ffffff","borderRadius":"","minWidth":""},"hover_styles":{"backgroundColor":"#ffffff","borderColor":"#409EFF","color":"#409EFF","borderRadius":"","minWidth":""},"current_state":"normal_styles"},"editor_options":{"title":"Submit Button"}}},"has_payment":"0","type":"form","conditions":null,"created_by":"1","created_at":null,"updated_at":null,"metas":[{"meta_key":"formSettings","value":"{\"confirmation\":{\"redirectTo\":\"samePage\",\"messageToShow\":\"Thank you for your message. We will get in touch with you shortly\",\"customPage\":null,\"samePageFormBehavior\":\"hide_form\",\"customUrl\":null},\"restrictions\":{\"limitNumberOfEntries\":{\"enabled\":false,\"numberOfEntries\":null,\"period\":\"total\",\"limitReachedMsg\":\"Maximum number of entries exceeded.\"},\"scheduleForm\":{\"enabled\":false,\"start\":null,\"end\":null,\"pendingMsg\":\"Form submission is not started yet.\",\"expiredMsg\":\"Form submission is now closed.\"},\"requireLogin\":{\"enabled\":false,\"requireLoginMsg\":\"You must be logged in to submit the form.\"},\"denyEmptySubmission\":{\"enabled\":false,\"message\":\"Sorry, you cannot submit an empty form. Let's hear what you wanna say.\"}},\"layout\":{\"labelPlacement\":\"top\",\"helpMessagePlacement\":\"with_label\",\"errorMessagePlacement\":\"inline\",\"asteriskPlacement\":\"asterisk-right\"}}"},{"meta_key":"notifications","value":"{\"name\":\"Admin Notification Email\",\"sendTo\":{\"type\":\"email\",\"email\":\"{wp.admin_email}\",\"field\":\"email\",\"routing\":[{\"email\":null,\"field\":null,\"operator\":\"=\",\"value\":null}]},\"fromName\":\"\",\"fromEmail\":\"\",\"replyTo\":\"\",\"bcc\":\"\",\"subject\":\"[{inputs.names}] New Form Submission\",\"message\":\"<p>{all_data}<\\\/p>\\n<p>This form submitted at: {embed_post.permalink}<\\\/p>\",\"conditionals\":{\"status\":false,\"type\":\"all\",\"conditions\":[{\"field\":null,\"operator\":\"=\",\"value\":null}]},\"enabled\":false,\"email_template\":\"\"}"}]},{"id":"3","title":"Contact Form Demo (#3)","status":"published","appearance_settings":null,"form_fields":{"fields":[{"index":1,"element":"input_email","attributes":{"type":"email","name":"email","value":"","id":"","class":"","placeholder":"Email Address"},"settings":{"container_class":"","label":"Email","label_placement":"","help_message":"","admin_field_label":"","validation_rules":{"required":{"value":true,"message":"This field is required"},"email":{"value":true,"message":"This field must contain a valid email"}},"conditional_logics":[],"is_unique":"no","unique_validation_message":"Email address need to be unique."},"editor_options":{"title":"Email Address","icon_class":"ff-edit-email","template":"inputText"},"uniqElKey":"el_1570866012914"},{"index":2,"element":"input_text","attributes":{"type":"text","name":"subject","value":"","class":"","placeholder":"Subject"},"settings":{"container_class":"","label":"Subject","label_placement":"","admin_field_label":"Subject","help_message":"","validation_rules":{"required":{"value":false,"message":"This field is required"}},"conditional_logics":{"type":"any","status":false,"conditions":[{"field":"","value":"","operator":""}]},"maxlength":"","is_unique":"no","unique_validation_message":"This field value need to be unique."},"editor_options":{"title":"Simple Text","icon_class":"ff-edit-text","template":"inputText"},"uniqElKey":"el_1570878958648"},{"index":3,"element":"textarea","attributes":{"name":"message","value":"","id":"","class":"","placeholder":"Your Message","rows":4,"cols":2},"settings":{"container_class":"","label":"Your Message","admin_field_label":"","label_placement":"","help_message":"","validation_rules":{"required":{"value":true,"message":"This field is required"}},"conditional_logics":{"type":"any","status":false,"conditions":[{"field":"","value":"","operator":""}]},"maxlength":""},"editor_options":{"title":"Text Area","icon_class":"ff-edit-textarea","template":"inputTextarea"},"uniqElKey":"el_1570879001207"}],"submitButton":{"uniqElKey":"el_1524065200616","element":"button","attributes":{"type":"submit","class":""},"settings":{"align":"left","button_style":"default","container_class":"","help_message":"","background_color":"#409EFF","button_size":"md","color":"#ffffff","button_ui":{"type":"default","text":"Submit Form","img_url":""}},"editor_options":{"title":"Submit Button"}}},"has_payment":"0","type":"form","conditions":null,"created_by":"1","created_at":null,"updated_at":null,"metas":[{"meta_key":"formSettings","value":"{\"confirmation\":{\"redirectTo\":\"samePage\",\"messageToShow\":\"Thank you for your message. We will get in touch with you shortly\",\"customPage\":null,\"samePageFormBehavior\":\"hide_form\",\"customUrl\":null},\"restrictions\":{\"limitNumberOfEntries\":{\"enabled\":false,\"numberOfEntries\":null,\"period\":\"total\",\"limitReachedMsg\":\"Maximum number of entries exceeded.\"},\"scheduleForm\":{\"enabled\":false,\"start\":null,\"end\":null,\"pendingMsg\":\"Form submission is not started yet.\",\"expiredMsg\":\"Form submission is now closed.\"},\"requireLogin\":{\"enabled\":false,\"requireLoginMsg\":\"You must be logged in to submit the form.\"},\"denyEmptySubmission\":{\"enabled\":false,\"message\":\"Sorry, you cannot submit an empty form. Let's hear what you wanna say.\"}},\"layout\":{\"labelPlacement\":\"top\",\"helpMessagePlacement\":\"with_label\",\"errorMessagePlacement\":\"inline\",\"asteriskPlacement\":\"asterisk-right\"},\"id\":\"39\"}"},{"meta_key":"notifications","value":"{\"name\":\"Admin Notification Email\",\"sendTo\":{\"type\":\"email\",\"email\":\"{wp.admin_email}\",\"field\":\"email\",\"routing\":[{\"email\":null,\"field\":null,\"operator\":\"=\",\"value\":null}]},\"fromName\":\"\",\"fromEmail\":\"\",\"replyTo\":\"\",\"bcc\":\"\",\"subject\":\"[{inputs.names}] New Form Submission\",\"message\":\"<p>{all_data}<\\\/p>\\n<p>This form submitted at: {embed_post.permalink}<\\\/p>\",\"conditionals\":{\"status\":false,\"type\":\"all\",\"conditions\":[{\"field\":null,\"operator\":\"=\",\"value\":null}]},\"enabled\":false,\"email_template\":\"\"}"}]}]