{"sidebar-primary":{"search-2":{"title":""},"recent-posts-2":{"title":"","number":5},"recent-comments-2":{"title":"","number":5}},"sidebar-secondary":{"archives-2":{"title":"","count":0,"dropdown":0},"categories-2":{"title":"","count":0,"hierarchical":0,"dropdown":0},"meta-2":{"title":""}},"footer1":{"nav_menu-1":{"collapse":false,"title":"Help","nav_menu":21}},"footer2":{"nav_menu-2":{"collapse":false,"title":"Discover","nav_menu":22}},"footer3":{"nav_menu-3":{"collapse":false,"title":"QUICK LINKS","nav_menu":23}},"footer4":{"text-2":{"title":"About Us","text":"<p>Lorem ipsum dolor sit amet, consectetur adipiscing elit. Ut elit tellus, luctus nec ullamcorper mattis, pulvinar dapibus leo.<\/p>","filter":true,"visual":true},"media_image-1":{"size":"full","width":150,"height":70,"caption":"","alt":"","link_type":"custom","link_url":"","image_classes":"","link_classes":"","link_rel":"","link_target_blank":false,"image_title":"","attachment_id":568,"url":"http:\/\/www.grafas.org\/demo02\/wp-content\/uploads\/2020\/10\/cards.png","title":""}},"footer5":{"text-3":{"title":"Be the First to Know","text":"Lorem ipsum dolor sit amet, consectetur adipiscing elit. Ut elit tellus, luctus nec ullamcorper mattis, pulvinar dapibus leo.","filter":true,"visual":true},"fluentform_widget-1":{"title":"","allforms":2}},"footer6":{"text-4":{"title":"","text":"<p>Privacy Policy | Cookies Policy | Terms and Conditions | Website Accessibility<\/p>","filter":true,"visual":true}}}