[{"fields":{"2":{"id":"2","type":"email","label":"Email","description":"","required":"1","size":"large","placeholder":"Your email address...","confirmation_placeholder":"","default_value":false,"filter_type":"","allowlist":"","denylist":"","css":"","label_hide":"1"}},"id":"1142","field_id":3,"settings":{"form_title":"Newsletter Signup Form","form_desc":"","submit_text":"Subscribe","submit_text_processing":"Sending...","antispam":"1","form_class":"inline-fields","submit_class":"","ajax_submit":"1","notification_enable":"1","notifications":{"1":{"email":"{admin_email}","subject":"New Entry: Newsletter Signup Form","sender_name":"Plant Shop","sender_address":"{admin_email}","replyto":"{field_id=\"2\"}","message":"{all_fields}"}},"confirmations":{"1":{"type":"message","message":"\u003Cp\u003EThanks for signing up for the newsletter! We'll be in touch soon.\u003C\/p\u003E","message_scroll":"1","page":"252","redirect":""}},"form_tags":[]},"meta":{"template":"4bf2a29bffb74b5530d89949041b535d"}},{"fields":[{"id":"0","type":"name","label":"Name","format":"simple","description":"","required":"1","size":"large","simple_placeholder":"Full name","simple_default":"","first_placeholder":"","first_default":"","middle_placeholder":"","middle_default":"","last_placeholder":"","last_default":"","css":""},{"id":"1","type":"email","label":"Email","description":"","required":"1","size":"large","placeholder":"Email address","confirmation_placeholder":"","default_value":"","filter_type":"","allowlist":"","denylist":"","css":""},{"id":"2","type":"textarea","label":"Comment or Message","description":"","required":"1","size":"medium","placeholder":"Your message","limit_count":"1","limit_mode":"characters","default_value":"","css":""}],"id":"356","field_id":"3","settings":{"form_title":"Simple Contact Form","form_desc":"","submit_text":"Submit","submit_text_processing":"Sending...","antispam":"1","form_class":"","submit_class":"","ajax_submit":"1","notification_enable":"1","notifications":{"1":{"email":"{admin_email}","subject":"New Simple Contact Form Entry","sender_name":"Plant Shop","sender_address":"{admin_email}","replyto":"","message":"{all_fields}"}},"confirmations":{"1":{"type":"message","message":"Thanks for contacting us! We will be in touch with you shortly.","message_scroll":"1","page":"2","redirect":""}}},"meta":{"template":"4dbf022985a4fe4bda4a80365011a3a0"}}]