[{"title":"Organic Store Checkout","steps":[{"title":"Organic Store Checkout","type":"checkout","meta":{"cartflows_imported_step":["yes"],"wcf-flow-id":["2359"],"wcf-step-type":["checkout"],"enable-to-import":["1"],"wcf_fields_billing":["a:11:{s:18:\"billing_first_name\";a:5:{s:5:\"label\";s:10:\"First name\";s:8:\"required\";b:1;s:5:\"class\";a:1:{i:0;s:14:\"form-row-first\";}s:12:\"autocomplete\";s:10:\"given-name\";s:8:\"priority\";i:10;}s:17:\"billing_last_name\";a:5:{s:5:\"label\";s:9:\"Last name\";s:8:\"required\";b:1;s:5:\"class\";a:1:{i:0;s:13:\"form-row-last\";}s:12:\"autocomplete\";s:11:\"family-name\";s:8:\"priority\";i:20;}s:15:\"billing_company\";a:5:{s:5:\"label\";s:12:\"Company name\";s:5:\"class\";a:1:{i:0;s:13:\"form-row-wide\";}s:12:\"autocomplete\";s:12:\"organization\";s:8:\"priority\";i:30;s:8:\"required\";b:0;}s:15:\"billing_country\";a:6:{s:4:\"type\";s:7:\"country\";s:5:\"label\";s:7:\"Country\";s:8:\"required\";b:1;s:5:\"class\";a:3:{i:0;s:13:\"form-row-wide\";i:1;s:13:\"address-field\";i:2;s:23:\"update_totals_on_change\";}s:12:\"autocomplete\";s:7:\"country\";s:8:\"priority\";i:40;}s:17:\"billing_address_1\";a:6:{s:5:\"label\";s:14:\"Street address\";s:11:\"placeholder\";s:28:\"House number and street name\";s:8:\"required\";b:1;s:5:\"class\";a:2:{i:0;s:13:\"form-row-wide\";i:1;s:13:\"address-field\";}s:12:\"autocomplete\";s:13:\"address-line1\";s:8:\"priority\";i:50;}s:17:\"billing_address_2\";a:7:{s:5:\"label\";s:27:\"Apartment, suite, unit etc.\";s:11:\"label_class\";a:1:{i:0;s:18:\"screen-reader-text\";}s:11:\"placeholder\";s:38:\"Apartment, suite, unit etc. (optional)\";s:5:\"class\";a:2:{i:0;s:13:\"form-row-wide\";i:1;s:13:\"address-field\";}s:12:\"autocomplete\";s:13:\"address-line2\";s:8:\"priority\";i:60;s:8:\"required\";b:0;}s:12:\"billing_city\";a:5:{s:5:\"label\";s:11:\"Town \/ City\";s:8:\"required\";b:1;s:5:\"class\";a:2:{i:0;s:13:\"form-row-wide\";i:1;s:13:\"address-field\";}s:12:\"autocomplete\";s:14:\"address-level2\";s:8:\"priority\";i:70;}s:13:\"billing_state\";a:8:{s:4:\"type\";s:5:\"state\";s:5:\"label\";s:14:\"State \/ County\";s:8:\"required\";b:1;s:5:\"class\";a:2:{i:0;s:13:\"form-row-wide\";i:1;s:13:\"address-field\";}s:8:\"validate\";a:1:{i:0;s:5:\"state\";}s:12:\"autocomplete\";s:14:\"address-level1\";s:8:\"priority\";i:80;s:13:\"country_field\";s:15:\"billing_country\";}s:16:\"billing_postcode\";a:6:{s:5:\"label\";s:14:\"Postcode \/ ZIP\";s:8:\"required\";b:1;s:5:\"class\";a:2:{i:0;s:13:\"form-row-wide\";i:1;s:13:\"address-field\";}s:8:\"validate\";a:1:{i:0;s:8:\"postcode\";}s:12:\"autocomplete\";s:11:\"postal-code\";s:8:\"priority\";i:90;}s:13:\"billing_phone\";a:7:{s:5:\"label\";s:5:\"Phone\";s:8:\"required\";b:1;s:4:\"type\";s:3:\"tel\";s:5:\"class\";a:1:{i:0;s:13:\"form-row-wide\";}s:8:\"validate\";a:1:{i:0;s:5:\"phone\";}s:12:\"autocomplete\";s:3:\"tel\";s:8:\"priority\";i:100;}s:13:\"billing_email\";a:7:{s:5:\"label\";s:13:\"Email address\";s:8:\"required\";b:1;s:4:\"type\";s:5:\"email\";s:5:\"class\";a:1:{i:0;s:13:\"form-row-wide\";}s:8:\"validate\";a:1:{i:0;s:5:\"email\";}s:12:\"autocomplete\";s:14:\"email username\";s:8:\"priority\";i:110;}}"],"wcf_fields_shipping":["a:9:{s:19:\"shipping_first_name\";a:5:{s:5:\"label\";s:10:\"First name\";s:8:\"required\";b:1;s:5:\"class\";a:1:{i:0;s:14:\"form-row-first\";}s:12:\"autocomplete\";s:10:\"given-name\";s:8:\"priority\";i:10;}s:18:\"shipping_last_name\";a:5:{s:5:\"label\";s:9:\"Last name\";s:8:\"required\";b:1;s:5:\"class\";a:1:{i:0;s:13:\"form-row-last\";}s:12:\"autocomplete\";s:11:\"family-name\";s:8:\"priority\";i:20;}s:16:\"shipping_company\";a:5:{s:5:\"label\";s:12:\"Company name\";s:5:\"class\";a:1:{i:0;s:13:\"form-row-wide\";}s:12:\"autocomplete\";s:12:\"organization\";s:8:\"priority\";i:30;s:8:\"required\";b:0;}s:16:\"shipping_country\";a:6:{s:4:\"type\";s:7:\"country\";s:5:\"label\";s:7:\"Country\";s:8:\"required\";b:1;s:5:\"class\";a:3:{i:0;s:13:\"form-row-wide\";i:1;s:13:\"address-field\";i:2;s:23:\"update_totals_on_change\";}s:12:\"autocomplete\";s:7:\"country\";s:8:\"priority\";i:40;}s:18:\"shipping_address_1\";a:6:{s:5:\"label\";s:14:\"Street address\";s:11:\"placeholder\";s:28:\"House number and street name\";s:8:\"required\";b:1;s:5:\"class\";a:2:{i:0;s:13:\"form-row-wide\";i:1;s:13:\"address-field\";}s:12:\"autocomplete\";s:13:\"address-line1\";s:8:\"priority\";i:50;}s:18:\"shipping_address_2\";a:7:{s:5:\"label\";s:27:\"Apartment, suite, unit etc.\";s:11:\"label_class\";a:1:{i:0;s:18:\"screen-reader-text\";}s:11:\"placeholder\";s:38:\"Apartment, suite, unit etc. (optional)\";s:5:\"class\";a:2:{i:0;s:13:\"form-row-wide\";i:1;s:13:\"address-field\";}s:12:\"autocomplete\";s:13:\"address-line2\";s:8:\"priority\";i:60;s:8:\"required\";b:0;}s:13:\"shipping_city\";a:5:{s:5:\"label\";s:11:\"Town \/ City\";s:8:\"required\";b:1;s:5:\"class\";a:2:{i:0;s:13:\"form-row-wide\";i:1;s:13:\"address-field\";}s:12:\"autocomplete\";s:14:\"address-level2\";s:8:\"priority\";i:70;}s:14:\"shipping_state\";a:8:{s:4:\"type\";s:5:\"state\";s:5:\"label\";s:14:\"State \/ County\";s:8:\"required\";b:1;s:5:\"class\";a:2:{i:0;s:13:\"form-row-wide\";i:1;s:13:\"address-field\";}s:8:\"validate\";a:1:{i:0;s:5:\"state\";}s:12:\"autocomplete\";s:14:\"address-level1\";s:8:\"priority\";i:80;s:13:\"country_field\";s:16:\"shipping_country\";}s:17:\"shipping_postcode\";a:6:{s:5:\"label\";s:14:\"Postcode \/ ZIP\";s:8:\"required\";b:1;s:5:\"class\";a:2:{i:0;s:13:\"form-row-wide\";i:1;s:13:\"address-field\";}s:8:\"validate\";a:1:{i:0;s:8:\"postcode\";}s:12:\"autocomplete\";s:11:\"postal-code\";s:8:\"priority\";i:90;}}"],"_elementor_edit_mode":["builder"],"_wp_page_template":["cartflows-canvas"],"_astra_content_layout_flag":["disabled"],"site-post-title":["disabled"],"ast-title-bar-display":["disabled"],"ast-featured-img":["disabled"],"site-content-layout":["page-builder"],"site-sidebar-layout":["no-sidebar"],"_elementor_data":["[{\"id\":\"2fbcfd5f\",\"elType\":\"section\",\"settings\":{\"background_background\":\"classic\",\"background_color\":\"#f8f6f3\",\"background_overlay_background\":\"classic\",\"background_overlay_repeat\":\"no-repeat\",\"background_overlay_size\":\"initial\",\"background_overlay_opacity\":{\"unit\":\"px\",\"size\":0.1},\"border_radius\":{\"unit\":\"px\",\"top\":\"3\",\"right\":\"3\",\"bottom\":\"3\",\"left\":\"3\",\"isLinked\":true},\"padding\":{\"unit\":\"px\",\"top\":\"70\",\"right\":\"50\",\"bottom\":\"45\",\"left\":\"50\",\"isLinked\":false},\"padding_mobile\":{\"unit\":\"px\",\"top\":\"50\",\"right\":\"0\",\"bottom\":\"40\",\"left\":\"0\",\"isLinked\":false},\"shape_divider_bottom_color\":\"#f8f9fe\",\"shape_divider_bottom_width\":{\"unit\":\"%\",\"size\":300},\"shape_divider_top_color\":\"#f8f9fe\",\"shape_divider_top_width\":{\"unit\":\"%\",\"size\":100},\"shape_divider_top_height\":{\"unit\":\"px\",\"size\":500},\"padding_tablet\":{\"unit\":\"px\",\"top\":\"50\",\"right\":\"20\",\"bottom\":\"20\",\"left\":\"20\",\"isLinked\":false},\"background_overlay_image\":{\"url\":\"https:\\\/\\\/websitedemos.net\\\/organic-shop-02\\\/wp-content\\\/uploads\\\/sites\\\/465\\\/2019\\\/06\\\/leaves-free-img.png\",\"id\":2112},\"background_overlay_position\":\"bottom right\",\"background_overlay_bg_width\":{\"unit\":\"%\",\"size\":32,\"sizes\":[]}},\"elements\":[{\"id\":\"450da73a\",\"elType\":\"column\",\"settings\":{\"_column_size\":100,\"_inline_size\":null},\"elements\":[{\"id\":\"62c8fd0\",\"elType\":\"section\",\"settings\":{\"structure\":\"20\"},\"elements\":[{\"id\":\"759fe40\",\"elType\":\"column\",\"settings\":{\"_column_size\":50,\"_inline_size\":63.305},\"elements\":[{\"id\":\"711177b\",\"elType\":\"widget\",\"settings\":{\"image\":{\"id\":1795,\"url\":\"https:\\\/\\\/websitedemos.net\\\/organic-shop-02\\\/wp-content\\\/uploads\\\/sites\\\/465\\\/2018\\\/06\\\/product21-free-img.jpg\"},\"title_text\":\"assorted dry fruits\",\"description_text\":\"Click edit button to change this text. Lorem ipsum dolor sit amet, consectetur adipiscing elit. Ut elit tellus, luctus nec.Click edit button to change this text.\",\"position\":\"left\",\"image_space\":{\"unit\":\"px\",\"size\":36},\"image_space_tablet\":{\"unit\":\"px\",\"size\":18},\"image_space_mobile\":{\"unit\":\"px\",\"size\":10},\"image_size\":{\"unit\":\"%\",\"size\":46},\"image_size_tablet\":{\"unit\":\"%\",\"size\":39},\"content_vertical_alignment\":\"middle\",\"title_bottom_space\":{\"unit\":\"px\",\"size\":13},\"title_bottom_space_mobile\":{\"unit\":\"px\",\"size\":4},\"title_color\":\"#001524\",\"title_typography_typography\":\"custom\",\"title_typography_font_family\":\"Merriweather\",\"title_typography_font_size\":{\"unit\":\"px\",\"size\":25},\"title_typography_font_size_tablet\":{\"unit\":\"px\",\"size\":23},\"title_typography_font_weight\":\"600\",\"description_color\":\"rgba(0,21,36,0.87)\",\"description_typography_typography\":\"custom\",\"description_typography_font_family\":\"Open Sans\",\"description_typography_font_size\":{\"unit\":\"px\",\"size\":16},\"description_typography_font_size_tablet\":{\"unit\":\"px\",\"size\":14},\"description_typography_font_weight\":\"400\",\"description_typography_line_height\":{\"unit\":\"em\",\"size\":1.8},\"description_typography_line_height_mobile\":{\"unit\":\"em\",\"size\":1.6},\"css_filters_css_filter\":\"custom\",\"css_filters_brightness\":{\"unit\":\"px\",\"size\":116,\"sizes\":[]},\"css_filters_contrast\":{\"unit\":\"px\",\"size\":117,\"sizes\":[]},\"css_filters_saturate\":{\"unit\":\"px\",\"size\":129,\"sizes\":[]},\"css_filters_hue\":{\"unit\":\"px\",\"size\":73,\"sizes\":[]},\"title_typography_text_transform\":\"capitalize\",\"_border_radius\":{\"unit\":\"px\",\"top\":\"5\",\"right\":\"5\",\"bottom\":\"5\",\"left\":\"5\",\"isLinked\":true}},\"elements\":[],\"widgetType\":\"image-box\"}],\"isInner\":true},{\"id\":\"406053e\",\"elType\":\"column\",\"settings\":{\"_column_size\":50,\"_inline_size\":36.695,\"padding\":{\"unit\":\"px\",\"top\":\"0\",\"right\":\"0\",\"bottom\":\"0\",\"left\":\"54\",\"isLinked\":false},\"padding_tablet\":{\"unit\":\"px\",\"top\":\"0\",\"right\":\"13\",\"bottom\":\"0\",\"left\":\"38\",\"isLinked\":false},\"padding_mobile\":{\"unit\":\"px\",\"top\":\"20\",\"right\":\"0\",\"bottom\":\"0\",\"left\":\"0\",\"isLinked\":false},\"content_position\":\"center\"},\"elements\":[{\"id\":\"e44336f\",\"elType\":\"widget\",\"settings\":{\"image\":{\"id\":2032,\"url\":\"https:\\\/\\\/websitedemos.net\\\/organic-shop-02\\\/wp-content\\\/uploads\\\/sites\\\/465\\\/2019\\\/06\\\/organic-badge-freeimg.png\"},\"title_text\":\"100% Farm fresh organic products!\",\"description_text\":\"Click edit button to change this text. Lorem ipsum dolor sit amet, consectetur.\",\"image_space\":{\"unit\":\"px\",\"size\":0},\"image_space_mobile\":{\"unit\":\"px\",\"size\":10},\"image_size\":{\"unit\":\"%\",\"size\":36},\"image_size_mobile\":{\"unit\":\"%\",\"size\":27},\"text_align\":\"left\",\"text_align_mobile\":\"center\",\"title_bottom_space\":{\"unit\":\"px\",\"size\":8},\"title_bottom_space_mobile\":{\"unit\":\"px\",\"size\":4},\"title_color\":\"#001524\",\"title_typography_typography\":\"custom\",\"title_typography_font_family\":\"Merriweather\",\"title_typography_font_size\":{\"unit\":\"px\",\"size\":18},\"title_typography_font_size_tablet\":{\"unit\":\"px\",\"size\":16},\"title_typography_font_weight\":\"700\",\"description_color\":\"rgba(0,21,36,0.86)\",\"description_typography_typography\":\"custom\",\"description_typography_font_family\":\"Open Sans\",\"description_typography_font_size\":{\"unit\":\"px\",\"size\":16},\"description_typography_font_size_tablet\":{\"unit\":\"px\",\"size\":14},\"description_typography_font_weight\":\"400\",\"description_typography_line_height\":{\"unit\":\"em\",\"size\":1.8},\"description_typography_line_height_mobile\":{\"unit\":\"em\",\"size\":1.6},\"title_typography_text_transform\":\"capitalize\"},\"elements\":[],\"widgetType\":\"image-box\"}],\"isInner\":true}],\"isInner\":true}],\"isInner\":false}],\"isInner\":false},{\"id\":\"24aa699\",\"elType\":\"section\",\"settings\":{\"background_background\":\"classic\",\"background_color\":\"#f8f6f3\",\"margin\":{\"unit\":\"px\",\"top\":\"\",\"right\":0,\"bottom\":\"\",\"left\":0,\"isLinked\":true},\"padding\":{\"unit\":\"px\",\"top\":\"0\",\"right\":\"0\",\"bottom\":\"120\",\"left\":\"0\",\"isLinked\":false},\"margin_tablet\":{\"unit\":\"px\",\"top\":\"0\",\"right\":0,\"bottom\":\"0\",\"left\":0,\"isLinked\":false},\"padding_tablet\":{\"unit\":\"px\",\"top\":\"20\",\"right\":\"0\",\"bottom\":\"70\",\"left\":\"0\",\"isLinked\":false},\"padding_mobile\":{\"unit\":\"px\",\"top\":\"10\",\"right\":\"0\",\"bottom\":\"60\",\"left\":\"0\",\"isLinked\":false},\"background_overlay_background\":\"classic\",\"background_overlay_image\":{\"url\":\"https:\\\/\\\/websitedemos.net\\\/organic-shop-02\\\/wp-content\\\/uploads\\\/sites\\\/465\\\/2019\\\/06\\\/logo-leaf2-free-img.png\",\"id\":2137},\"background_overlay_position\":\"bottom left\",\"background_overlay_repeat\":\"no-repeat\",\"background_overlay_size\":\"auto\",\"background_overlay_opacity\":{\"unit\":\"px\",\"size\":0.11,\"sizes\":[]}},\"elements\":[{\"id\":\"80da56a\",\"elType\":\"column\",\"settings\":{\"_column_size\":100,\"background_background\":\"classic\",\"background_color\":\"#ffffff\",\"border_radius\":{\"unit\":\"px\",\"top\":\"4\",\"right\":\"4\",\"bottom\":\"4\",\"left\":\"4\",\"isLinked\":true},\"box_shadow_box_shadow_type\":\"yes\",\"box_shadow_box_shadow\":{\"horizontal\":0,\"vertical\":0,\"blur\":30,\"spread\":0,\"color\":\"rgba(122,122,122,0.12)\"},\"padding\":{\"unit\":\"px\",\"top\":\"10\",\"right\":\"30\",\"bottom\":\"10\",\"left\":\"60\",\"isLinked\":false},\"padding_tablet\":{\"unit\":\"px\",\"top\":\"20\",\"right\":\"20\",\"bottom\":\"20\",\"left\":\"20\",\"isLinked\":true},\"padding_mobile\":{\"unit\":\"px\",\"top\":\"20\",\"right\":\"20\",\"bottom\":\"20\",\"left\":\"20\",\"isLinked\":true},\"margin_tablet\":{\"unit\":\"px\",\"top\":\"0\",\"right\":\"40\",\"bottom\":\"0\",\"left\":\"40\",\"isLinked\":false},\"margin_mobile\":{\"unit\":\"px\",\"top\":\"0\",\"right\":\"30\",\"bottom\":\"0\",\"left\":\"30\",\"isLinked\":false}},\"elements\":[{\"id\":\"5c7e8df\",\"elType\":\"widget\",\"settings\":{\"shortcode\":\"[cartflows_checkout]\",\"_padding\":{\"unit\":\"px\",\"top\":\"30\",\"right\":\"0\",\"bottom\":\"30\",\"left\":\"0\",\"isLinked\":false}},\"elements\":[],\"widgetType\":\"shortcode\"}],\"isInner\":false}],\"isInner\":false}]"],"_elementor_version":["2.5.16"],"_elementor_template_type":["post"],"wcf-checkout-layout":["two-column"],"wcf-field-google-font-url":["\/\/fonts.googleapis.com\/css?family=Open+Sans|Merriweather:700"],"wcf-checkout-additional-fields":["yes"],"wcf-custom-checkout-fields":["no"],"wcf-show-coupon-field":["no"],"wcf-advance-options-fields":["yes"],"wcf-fields-skins":["default"],"wcf-input-field-size":["33px"],"wcf-input-button-size":["33px"],"wcf-active-tab":["wcf-checkout-style"],"wcf-billing_first_name":["yes"],"wcf-billing_last_name":["yes"],"wcf-billing_company":["yes"],"wcf-billing_country":["yes"],"wcf-billing_address_1":["yes"],"wcf-billing_address_2":["yes"],"wcf-billing_city":["yes"],"wcf-billing_state":["yes"],"wcf-billing_postcode":["yes"],"wcf-billing_phone":["yes"],"wcf-billing_email":["yes"],"wcf-shipping_first_name":["yes"],"wcf-shipping_last_name":["yes"],"wcf-shipping_company":["yes"],"wcf-shipping_country":["yes"],"wcf-shipping_address_1":["yes"],"wcf-shipping_address_2":["yes"],"wcf-shipping_city":["yes"],"wcf-shipping_state":["yes"],"wcf-shipping_postcode":["yes"],"wcf-order-bump":["no"],"wcf-order-bump-label":["Yes, I will take it!"],"wcf-order-bump-hl-text":["ONE TIME OFFER"],"wcf-order-bump-desc":["Lorem ipsum dolor sit amet, consectetur adipisicing elit. Aut, quod hic expedita consectetur vitae nulla sint adipisci cupiditate at. Commodi, dolore hic eaque tempora a repudiandae obcaecati deleniti mollitia possimus."],"wcf-primary-color":["#8bc34a"],"wcf-base-font-family":["'Open Sans', sans-serif"],"_thumbnail_id":["4489"],"_wp_old_slug":["checkout-2-2-2","checkout-page","organic-store-checkout","checkout-2","store-checkouts"],"_uabb_lite_converted":["yes"],"_edit_lock":["1578462519:2"],"_edit_last":["5"],"_yoast_wpseo_content_score":["90"],"wcf-checkout-products":["a:1:{i:0;a:1:{s:7:\"product\";s:3:\"242\";}}"],"wcf-input-font-family":[""],"wcf-input-font-weight":[""],"wcf-heading-font-family":["'Merriweather', serif"],"wcf-heading-font-weight":["700"],"wcf-base-font-weight":[null],"wcf-button-font-family":[""],"wcf-button-font-weight":[""],"wcf-heading-color":["#001524"],"wcf-section-bg-color":[null],"wcf-hl-bg-color":[""],"wcf-field-tb-padding":[""],"wcf-field-lr-padding":[""],"wcf-field-color":[""],"wcf-field-bg-color":[""],"wcf-field-border-color":[""],"wcf-box-border-color":[null],"wcf-field-label-color":[""],"wcf-submit-tb-padding":[""],"wcf-submit-lr-padding":[""],"wcf-submit-color":[""],"wcf-submit-hover-color":[""],"wcf-submit-bg-color":[""],"wcf-submit-bg-hover-color":[""],"wcf-submit-border-color":[""],"wcf-submit-border-hover-color":[""],"wcf-header-logo-image":[""],"wcf-header-logo-width":[""],"wcf-custom-script":[""],"theme-transparent-header-meta":["default"],"_elementor_controls_usage":["a:4:{s:9:\"image-box\";a:3:{s:5:\"count\";i:2;s:15:\"control_percent\";i:10;s:8:\"controls\";a:3:{s:7:\"content\";a:1:{s:13:\"section_image\";a:4:{s:5:\"image\";i:2;s:10:\"title_text\";i:2;s:16:\"description_text\";i:2;s:8:\"position\";i:1;}}s:5:\"style\";a:2:{s:19:\"section_style_image\";a:11:{s:11:\"image_space\";i:2;s:18:\"image_space_tablet\";i:1;s:18:\"image_space_mobile\";i:2;s:10:\"image_size\";i:2;s:17:\"image_size_tablet\";i:1;s:22:\"css_filters_css_filter\";i:1;s:22:\"css_filters_brightness\";i:1;s:20:\"css_filters_contrast\";i:1;s:20:\"css_filters_saturate\";i:1;s:15:\"css_filters_hue\";i:1;s:17:\"image_size_mobile\";i:1;}s:21:\"section_style_content\";a:20:{s:26:\"content_vertical_alignment\";i:1;s:18:\"title_bottom_space\";i:2;s:25:\"title_bottom_space_mobile\";i:2;s:11:\"title_color\";i:2;s:27:\"title_typography_typography\";i:2;s:28:\"title_typography_font_family\";i:2;s:26:\"title_typography_font_size\";i:2;s:33:\"title_typography_font_size_tablet\";i:2;s:28:\"title_typography_font_weight\";i:2;s:17:\"description_color\";i:2;s:33:\"description_typography_typography\";i:2;s:34:\"description_typography_font_family\";i:2;s:32:\"description_typography_font_size\";i:2;s:39:\"description_typography_font_size_tablet\";i:2;s:34:\"description_typography_font_weight\";i:2;s:34:\"description_typography_line_height\";i:2;s:41:\"description_typography_line_height_mobile\";i:2;s:31:\"title_typography_text_transform\";i:2;s:10:\"text_align\";i:1;s:17:\"text_align_mobile\";i:1;}}s:8:\"advanced\";a:1:{s:15:\"_section_border\";a:1:{s:14:\"_border_radius\";i:1;}}}}s:6:\"column\";a:3:{s:5:\"count\";i:4;s:15:\"control_percent\";i:3;s:8:\"controls\";a:3:{s:6:\"layout\";a:1:{s:6:\"layout\";a:2:{s:12:\"_inline_size\";i:3;s:16:\"content_position\";i:1;}}s:8:\"advanced\";a:1:{s:16:\"section_advanced\";a:5:{s:7:\"padding\";i:2;s:14:\"padding_tablet\";i:2;s:14:\"padding_mobile\";i:2;s:13:\"margin_tablet\";i:1;s:13:\"margin_mobile\";i:1;}}s:5:\"style\";a:2:{s:13:\"section_style\";a:2:{s:21:\"background_background\";i:1;s:16:\"background_color\";i:1;}s:14:\"section_border\";a:3:{s:13:\"border_radius\";i:1;s:26:\"box_shadow_box_shadow_type\";i:1;s:21:\"box_shadow_box_shadow\";i:1;}}}}s:7:\"section\";a:3:{s:5:\"count\";i:3;s:15:\"control_percent\";i:4;s:8:\"controls\";a:3:{s:6:\"layout\";a:1:{s:17:\"section_structure\";a:1:{s:9:\"structure\";i:1;}}s:5:\"style\";a:4:{s:18:\"section_background\";a:2:{s:21:\"background_background\";i:2;s:16:\"background_color\";i:2;}s:26:\"section_background_overlay\";a:7:{s:29:\"background_overlay_background\";i:2;s:25:\"background_overlay_repeat\";i:2;s:23:\"background_overlay_size\";i:2;s:26:\"background_overlay_opacity\";i:2;s:24:\"background_overlay_image\";i:2;s:27:\"background_overlay_position\";i:2;s:27:\"background_overlay_bg_width\";i:1;}s:14:\"section_border\";a:1:{s:13:\"border_radius\";i:1;}s:21:\"section_shape_divider\";a:5:{s:26:\"shape_divider_bottom_color\";i:1;s:26:\"shape_divider_bottom_width\";i:1;s:23:\"shape_divider_top_color\";i:1;s:23:\"shape_divider_top_width\";i:1;s:24:\"shape_divider_top_height\";i:1;}}s:8:\"advanced\";a:1:{s:16:\"section_advanced\";a:5:{s:7:\"padding\";i:2;s:14:\"padding_mobile\";i:2;s:14:\"padding_tablet\";i:2;s:6:\"margin\";i:1;s:13:\"margin_tablet\";i:1;}}}}s:9:\"shortcode\";a:3:{s:5:\"count\";i:1;s:15:\"control_percent\";i:1;s:8:\"controls\";a:2:{s:7:\"content\";a:1:{s:17:\"section_shortcode\";a:1:{s:9:\"shortcode\";i:1;}}s:8:\"advanced\";a:1:{s:14:\"_section_style\";a:1:{s:8:\"_padding\";i:1;}}}}}"]},"post_content":"\u003Cfigure\u003E\u003Cimg width=\"1000\" height=\"1000\" src=\"https:\/\/websitedemos.net\/organic-shop-02\/wp-content\/uploads\/sites\/465\/2018\/06\/product21-free-img.jpg\" alt=\"\" srcset=\"https:\/\/websitedemos.net\/organic-shop-02\/wp-content\/uploads\/sites\/465\/2018\/06\/product21-free-img.jpg 1000w, https:\/\/websitedemos.net\/organic-shop-02\/wp-content\/uploads\/sites\/465\/2018\/06\/product21-free-img-150x150.jpg 150w, https:\/\/websitedemos.net\/organic-shop-02\/wp-content\/uploads\/sites\/465\/2018\/06\/product21-free-img-300x300.jpg 300w, https:\/\/websitedemos.net\/organic-shop-02\/wp-content\/uploads\/sites\/465\/2018\/06\/product21-free-img-768x768.jpg 768w, https:\/\/websitedemos.net\/organic-shop-02\/wp-content\/uploads\/sites\/465\/2018\/06\/product21-free-img-600x600.jpg 600w, https:\/\/websitedemos.net\/organic-shop-02\/wp-content\/uploads\/sites\/465\/2018\/06\/product21-free-img-100x100.jpg 100w\" sizes=\"(max-width: 1000px) 100vw, 1000px\" \/\u003E\u003C\/figure\u003E\u003Ch3\u003Eassorted dry fruits\u003C\/h3\u003E\u003Cp\u003EClick edit button to change this text. Lorem ipsum dolor sit amet, consectetur adipiscing elit. Ut elit tellus, luctus nec.Click edit button to change this text.\u003C\/p\u003E\t\t\n\t\t\t\u003Cfigure\u003E\u003Cimg width=\"194\" height=\"153\" src=\"https:\/\/websitedemos.net\/organic-shop-02\/wp-content\/uploads\/sites\/465\/2019\/06\/organic-badge-freeimg.png\" alt=\"\" \/\u003E\u003C\/figure\u003E\u003Ch3\u003E100% Farm fresh organic products!\u003C\/h3\u003E\u003Cp\u003EClick edit button to change this text. Lorem ipsum dolor sit amet, consectetur.\u003C\/p\u003E\t\t\n\t\t[cartflows_checkout]"},{"title":"Thank You Page","type":"thankyou","meta":{"cartflows_imported_step":["yes"],"wcf-flow-id":["2359"],"wcf-step-type":["thankyou"],"enable-to-import":["1"],"_wp_page_template":["cartflows-canvas"],"site-sidebar-layout":["no-sidebar"],"site-content-layout":["page-builder"],"_elementor_edit_mode":["builder"],"_astra_content_layout_flag":["disabled"],"site-post-title":["disabled"],"ast-title-bar-display":["disabled"],"ast-featured-img":["disabled"],"_elementor_template_type":["post"],"_elementor_data":["[{\"id\":\"4c8de1cf\",\"elType\":\"section\",\"settings\":{\"background_background\":\"classic\",\"background_color\":\"#f8f6f3\",\"border_width\":{\"unit\":\"px\",\"top\":\"1\",\"right\":\"1\",\"bottom\":\"1\",\"left\":\"1\",\"isLinked\":true},\"border_color\":\"#e2e2e2\",\"border_radius\":{\"unit\":\"px\",\"top\":\"3\",\"right\":\"3\",\"bottom\":\"3\",\"left\":\"3\",\"isLinked\":true},\"padding\":{\"unit\":\"px\",\"top\":\"40\",\"right\":\"0\",\"bottom\":\"30\",\"left\":\"0\",\"isLinked\":false},\"margin\":{\"unit\":\"px\",\"top\":\"0\",\"right\":0,\"bottom\":\"0\",\"left\":0,\"isLinked\":false}},\"elements\":[{\"id\":\"2ac6c08e\",\"elType\":\"column\",\"settings\":{\"_column_size\":100,\"_inline_size\":null},\"elements\":[{\"id\":\"44ee1307\",\"elType\":\"section\",\"settings\":{\"structure\":\"30\"},\"elements\":[{\"id\":\"6ed9b988\",\"elType\":\"column\",\"settings\":{\"_column_size\":33,\"_inline_size\":20},\"elements\":[],\"isInner\":true},{\"id\":\"28027604\",\"elType\":\"column\",\"settings\":{\"_column_size\":33,\"_inline_size\":59.332},\"elements\":[{\"id\":\"d706b65\",\"elType\":\"widget\",\"settings\":{\"image\":{\"url\":\"https:\\\/\\\/websitedemos.net\\\/organic-shop-02\\\/wp-content\\\/uploads\\\/sites\\\/465\\\/2019\\\/06\\\/logo-leaf.png\",\"id\":2130},\"title_text\":\"You Are Now a Part of Our Organic Movement!\",\"description_text\":\"Click edit button to change this text. Lorem ipsum dolor sit amet, consectetur adipiscing elit. Ut elit tellus, luctus nec ullamcorper mattis, pulvinar dapibus leo.\",\"image_space\":{\"unit\":\"px\",\"size\":0,\"sizes\":[]},\"image_size\":{\"unit\":\"%\",\"size\":16,\"sizes\":[]},\"title_bottom_space\":{\"unit\":\"px\",\"size\":7},\"title_color\":\"#263238\",\"title_typography_typography\":\"custom\",\"title_typography_font_family\":\"Merriweather\",\"title_typography_font_size\":{\"unit\":\"px\",\"size\":26},\"description_color\":\"#263238\",\"description_typography_typography\":\"custom\",\"description_typography_font_family\":\"Open Sans\",\"description_typography_font_size\":{\"unit\":\"px\",\"size\":15},\"description_typography_font_weight\":\"400\",\"description_typography_line_height\":{\"unit\":\"em\",\"size\":1.8},\"title_typography_font_size_tablet\":{\"unit\":\"px\",\"size\":25,\"sizes\":[]},\"title_typography_font_size_mobile\":{\"unit\":\"px\",\"size\":22,\"sizes\":[]}},\"elements\":[],\"widgetType\":\"image-box\"}],\"isInner\":true},{\"id\":\"678a93d1\",\"elType\":\"column\",\"settings\":{\"_column_size\":33,\"_inline_size\":20},\"elements\":[],\"isInner\":true}],\"isInner\":true}],\"isInner\":false}],\"isInner\":false},{\"id\":\"3a5e2486\",\"elType\":\"section\",\"settings\":{\"background_background\":\"classic\",\"background_position\":\"bottom right\",\"background_repeat\":\"no-repeat\",\"background_overlay_background\":\"classic\",\"background_overlay_image\":{\"url\":\"https:\\\/\\\/websitedemos.net\\\/organic-shop-02\\\/wp-content\\\/uploads\\\/sites\\\/465\\\/2019\\\/06\\\/leaves-free-img.png\",\"id\":2112},\"background_overlay_position\":\"bottom right\",\"background_overlay_repeat\":\"no-repeat\",\"background_overlay_size\":\"initial\",\"background_overlay_opacity\":{\"unit\":\"px\",\"size\":0.1,\"sizes\":[]},\"padding\":{\"unit\":\"px\",\"top\":\"40\",\"right\":\"0\",\"bottom\":\"40\",\"left\":\"0\",\"isLinked\":false},\"background_overlay_bg_width\":{\"unit\":\"%\",\"size\":36,\"sizes\":[]},\"padding_mobile\":{\"unit\":\"px\",\"top\":\"60\",\"right\":\"20\",\"bottom\":\"60\",\"left\":\"20\",\"isLinked\":false}},\"elements\":[{\"id\":\"4e969f9f\",\"elType\":\"column\",\"settings\":{\"_column_size\":100,\"background_background\":\"classic\"},\"elements\":[{\"id\":\"4a1d5fb8\",\"elType\":\"widget\",\"settings\":{\"shortcode\":\"[cartflows_order_details]\"},\"elements\":[],\"widgetType\":\"shortcode\"}],\"isInner\":false}],\"isInner\":false},{\"id\":\"34ba3a8\",\"elType\":\"section\",\"settings\":{\"background_background\":\"classic\",\"background_color\":\"#001524\",\"background_color_b\":\"#f7f7f8\",\"margin\":{\"unit\":\"px\",\"top\":\"0\",\"right\":0,\"bottom\":\"0\",\"left\":0,\"isLinked\":false},\"padding\":{\"unit\":\"px\",\"top\":\"20\",\"right\":\"0\",\"bottom\":\"70\",\"left\":\"0\",\"isLinked\":false},\"padding_tablet\":{\"unit\":\"px\",\"top\":\"17\",\"right\":\"30\",\"bottom\":\"60\",\"left\":\"30\",\"isLinked\":false},\"background_position\":\"center center\",\"background_overlay_color\":\"#f7f7f8\",\"background_overlay_opacity\":{\"unit\":\"px\",\"size\":0.95},\"margin_tablet\":{\"unit\":\"px\",\"top\":\"0\",\"right\":0,\"bottom\":\"0\",\"left\":0,\"isLinked\":false},\"margin_mobile\":{\"unit\":\"px\",\"top\":\"0\",\"right\":0,\"bottom\":\"0\",\"left\":0,\"isLinked\":false},\"padding_mobile\":{\"unit\":\"px\",\"top\":\"40\",\"right\":\"20\",\"bottom\":\"58\",\"left\":\"20\",\"isLinked\":false},\"content_position\":\"middle\",\"content_width\":{\"unit\":\"px\",\"size\":800,\"sizes\":[]}},\"elements\":[{\"id\":\"b7e3bb6\",\"elType\":\"column\",\"settings\":{\"_column_size\":100,\"_inline_size\":null,\"padding_tablet\":{\"unit\":\"px\",\"top\":\"0\",\"right\":\"0\",\"bottom\":\"0\",\"left\":\"0\",\"isLinked\":false},\"padding_mobile\":{\"unit\":\"px\",\"top\":\"0\",\"right\":\"0\",\"bottom\":\"0\",\"left\":\"0\",\"isLinked\":true},\"margin_tablet\":{\"unit\":\"px\",\"top\":\"0\",\"right\":\"0\",\"bottom\":\"0\",\"left\":\"0\",\"isLinked\":false},\"margin_mobile\":{\"unit\":\"px\",\"top\":\"0\",\"right\":\"0\",\"bottom\":\"0\",\"left\":\"0\",\"isLinked\":false}},\"elements\":[{\"id\":\"b243b86\",\"elType\":\"widget\",\"settings\":{\"icon\":\"\",\"title_text\":\"Download Our Mobile App\",\"description_text\":\"Molestiae reiciendis neque arcu! Tempor reprehenderit accusantium quibusdam iste accusan.\",\"title_size\":\"h5\",\"title_typography_font_size\":{\"unit\":\"px\",\"size\":25},\"text_align\":\"center\",\"text_align_tablet\":\"center\",\"_margin\":{\"unit\":\"px\",\"top\":\"0\",\"right\":\"0\",\"bottom\":\"0\",\"left\":\"0\",\"isLinked\":false},\"title_bottom_space\":{\"unit\":\"px\",\"size\":15},\"title_color\":\"#ffffff\",\"description_color\":\"rgba(255,255,255,0.63)\",\"description_typography_typography\":\"custom\",\"description_typography_font_size\":{\"unit\":\"px\",\"size\":15,\"sizes\":[]},\"_padding\":{\"unit\":\"px\",\"top\":\"0\",\"right\":\"0\",\"bottom\":\"20\",\"left\":\"0\",\"isLinked\":false},\"_padding_mobile\":{\"unit\":\"px\",\"top\":\"0\",\"right\":\"0\",\"bottom\":\"0\",\"left\":\"0\",\"isLinked\":false},\"title_bottom_space_tablet\":{\"unit\":\"px\",\"size\":10,\"sizes\":[]},\"description_typography_font_size_tablet\":{\"unit\":\"px\",\"size\":14,\"sizes\":[]},\"_padding_tablet\":{\"unit\":\"px\",\"top\":\"0\",\"right\":\"0\",\"bottom\":\"10\",\"left\":\"0\",\"isLinked\":false},\"text_align_mobile\":\"center\",\"title_typography_typography\":\"custom\",\"title_typography_font_family\":\"Merriweather\",\"title_typography_line_height\":{\"unit\":\"em\",\"size\":1.2,\"sizes\":[]},\"title_typography_font_size_mobile\":{\"unit\":\"px\",\"size\":20,\"sizes\":[]},\"_margin_tablet\":{\"unit\":\"px\",\"top\":\"0\",\"right\":\"0\",\"bottom\":\"0\",\"left\":\"0\",\"isLinked\":false},\"_margin_mobile\":{\"unit\":\"px\",\"top\":\"0\",\"right\":\"0\",\"bottom\":\"0\",\"left\":\"0\",\"isLinked\":false}},\"elements\":[],\"widgetType\":\"icon-box\"},{\"id\":\"5cec18b\",\"elType\":\"section\",\"settings\":{\"structure\":\"20\"},\"elements\":[{\"id\":\"035f51d\",\"elType\":\"column\",\"settings\":{\"_column_size\":50,\"_inline_size\":null,\"padding\":{\"unit\":\"px\",\"top\":\"0\",\"right\":\"0\",\"bottom\":\"0\",\"left\":\"0\",\"isLinked\":false},\"margin_tablet\":{\"unit\":\"px\",\"top\":\"0\",\"right\":\"0\",\"bottom\":\"0\",\"left\":\"0\",\"isLinked\":false},\"padding_tablet\":{\"unit\":\"px\",\"top\":\"0\",\"right\":\"0\",\"bottom\":\"0\",\"left\":\"0\",\"isLinked\":false},\"_inline_size_mobile\":50},\"elements\":[{\"id\":\"9cd73f8\",\"elType\":\"widget\",\"settings\":{\"image\":{\"url\":\"https:\\\/\\\/websitedemos.net\\\/organic-shop-02\\\/wp-content\\\/uploads\\\/sites\\\/465\\\/2019\\\/06\\\/app-store.png\",\"id\":1855},\"align\":\"right\",\"width\":{\"unit\":\"%\",\"size\":40,\"sizes\":[]},\"opacity\":{\"unit\":\"px\",\"size\":1,\"sizes\":[]},\"css_filters_saturate\":{\"unit\":\"px\",\"size\":34,\"sizes\":[]},\"css_filters_hue\":{\"unit\":\"px\",\"size\":46,\"sizes\":[]},\"_margin\":{\"unit\":\"px\",\"top\":\"0\",\"right\":\"10\",\"bottom\":\"0\",\"left\":\"0\",\"isLinked\":false},\"width_tablet\":{\"unit\":\"%\",\"size\":45,\"sizes\":[]},\"align_mobile\":\"right\",\"width_mobile\":{\"unit\":\"%\",\"size\":80,\"sizes\":[]},\"hover_animation\":\"shrink\",\"_margin_tablet\":{\"unit\":\"px\",\"top\":\"0\",\"right\":\"5\",\"bottom\":\"0\",\"left\":\"0\",\"isLinked\":false}},\"elements\":[],\"widgetType\":\"image\"}],\"isInner\":true},{\"id\":\"c7d336b\",\"elType\":\"column\",\"settings\":{\"_column_size\":50,\"_inline_size\":null,\"margin\":{\"unit\":\"px\",\"top\":\"0\",\"right\":\"0\",\"bottom\":\"0\",\"left\":\"0\",\"isLinked\":false},\"padding\":{\"unit\":\"px\",\"top\":\"0\",\"right\":\"0\",\"bottom\":\"0\",\"left\":\"0\",\"isLinked\":false},\"margin_tablet\":{\"unit\":\"px\",\"top\":\"0\",\"right\":\"0\",\"bottom\":\"0\",\"left\":\"5\",\"isLinked\":false},\"_inline_size_mobile\":50},\"elements\":[{\"id\":\"ddf6ed0\",\"elType\":\"widget\",\"settings\":{\"image\":{\"url\":\"https:\\\/\\\/websitedemos.net\\\/organic-shop-02\\\/wp-content\\\/uploads\\\/sites\\\/465\\\/2019\\\/06\\\/play-store.png\",\"id\":1857},\"align\":\"left\",\"width\":{\"unit\":\"%\",\"size\":38,\"sizes\":[]},\"_margin\":{\"unit\":\"px\",\"top\":\"0\",\"right\":\"0\",\"bottom\":\"0\",\"left\":\"10\",\"isLinked\":false},\"width_tablet\":{\"unit\":\"%\",\"size\":45,\"sizes\":[]},\"align_mobile\":\"left\",\"width_mobile\":{\"unit\":\"%\",\"size\":80,\"sizes\":[]},\"opacity\":{\"unit\":\"px\",\"size\":1,\"sizes\":[]},\"css_filters_saturate\":{\"unit\":\"px\",\"size\":34,\"sizes\":[]},\"css_filters_hue\":{\"unit\":\"px\",\"size\":46,\"sizes\":[]},\"hover_animation\":\"shrink\"},\"elements\":[],\"widgetType\":\"image\"}],\"isInner\":true}],\"isInner\":true}],\"isInner\":false}],\"isInner\":false}]"],"_elementor_version":["2.5.16"],"_thumbnail_id":["4471"],"wcf-active-tab":["wcf-thankyou-design"],"wcf-tq-advance-options-fields":["yes"],"wcf-show-overview-section":["yes"],"wcf-show-details-section":["yes"],"wcf-show-billing-section":["yes"],"wcf-show-shipping-section":["yes"],"_wp_old_slug":["thank-you-page-18"],"wcf-tq-font-family":["'Open Sans', sans-serif"],"wcf-tq-font-wt":["400"],"wcf-tq-heading-font-family":["'Merriweather', serif"],"wcf-tq-heading-font-wt":["700"],"_uabb_lite_converted":["yes"],"_edit_lock":["1563513233:5"],"_edit_last":["5"],"_yoast_wpseo_content_score":["60"],"wcf-field-google-font-url":["\/\/fonts.googleapis.com\/css?family=Open+Sans|Merriweather:700"],"wcf-tq-text-color":[""],"wcf-tq-heading-color":[""],"wcf-tq-container-width":[""],"wcf-tq-section-bg-color":["#f7f7f7"],"wcf-custom-script":["Your order has been received."],"theme-transparent-header-meta":["default"],"_elementor_controls_usage":["a:6:{s:6:\"column\";a:3:{s:5:\"count\";i:8;s:15:\"control_percent\";i:2;s:8:\"controls\";a:3:{s:6:\"layout\";a:1:{s:6:\"layout\";a:2:{s:12:\"_inline_size\";i:7;s:19:\"_inline_size_mobile\";i:2;}}s:5:\"style\";a:1:{s:13:\"section_style\";a:1:{s:21:\"background_background\";i:1;}}s:8:\"advanced\";a:1:{s:16:\"section_advanced\";a:6:{s:7:\"padding\";i:2;s:13:\"margin_tablet\";i:3;s:14:\"padding_tablet\";i:2;s:6:\"margin\";i:1;s:14:\"padding_mobile\";i:1;s:13:\"margin_mobile\";i:1;}}}}s:9:\"image-box\";a:3:{s:5:\"count\";i:1;s:15:\"control_percent\";i:7;s:8:\"controls\";a:2:{s:7:\"content\";a:1:{s:13:\"section_image\";a:3:{s:5:\"image\";i:1;s:10:\"title_text\";i:1;s:16:\"description_text\";i:1;}}s:5:\"style\";a:2:{s:19:\"section_style_image\";a:2:{s:11:\"image_space\";i:1;s:10:\"image_size\";i:1;}s:21:\"section_style_content\";a:13:{s:18:\"title_bottom_space\";i:1;s:11:\"title_color\";i:1;s:27:\"title_typography_typography\";i:1;s:28:\"title_typography_font_family\";i:1;s:26:\"title_typography_font_size\";i:1;s:17:\"description_color\";i:1;s:33:\"description_typography_typography\";i:1;s:34:\"description_typography_font_family\";i:1;s:32:\"description_typography_font_size\";i:1;s:34:\"description_typography_font_weight\";i:1;s:34:\"description_typography_line_height\";i:1;s:33:\"title_typography_font_size_tablet\";i:1;s:33:\"title_typography_font_size_mobile\";i:1;}}}}s:7:\"section\";a:3:{s:5:\"count\";i:5;s:15:\"control_percent\";i:4;s:8:\"controls\";a:3:{s:6:\"layout\";a:2:{s:17:\"section_structure\";a:1:{s:9:\"structure\";i:2;}s:14:\"section_layout\";a:2:{s:16:\"content_position\";i:1;s:13:\"content_width\";i:1;}}s:5:\"style\";a:3:{s:18:\"section_background\";a:5:{s:21:\"background_background\";i:3;s:16:\"background_color\";i:2;s:19:\"background_position\";i:2;s:17:\"background_repeat\";i:1;s:18:\"background_color_b\";i:1;}s:14:\"section_border\";a:3:{s:12:\"border_width\";i:1;s:12:\"border_color\";i:1;s:13:\"border_radius\";i:1;}s:26:\"section_background_overlay\";a:8:{s:29:\"background_overlay_background\";i:1;s:24:\"background_overlay_image\";i:1;s:27:\"background_overlay_position\";i:1;s:25:\"background_overlay_repeat\";i:1;s:23:\"background_overlay_size\";i:1;s:26:\"background_overlay_opacity\";i:2;s:27:\"background_overlay_bg_width\";i:1;s:24:\"background_overlay_color\";i:1;}}s:8:\"advanced\";a:1:{s:16:\"section_advanced\";a:6:{s:7:\"padding\";i:3;s:6:\"margin\";i:2;s:14:\"padding_mobile\";i:2;s:14:\"padding_tablet\";i:1;s:13:\"margin_tablet\";i:1;s:13:\"margin_mobile\";i:1;}}}}s:9:\"shortcode\";a:3:{s:5:\"count\";i:1;s:15:\"control_percent\";i:1;s:8:\"controls\";a:1:{s:7:\"content\";a:1:{s:17:\"section_shortcode\";a:1:{s:9:\"shortcode\";i:1;}}}}s:8:\"icon-box\";a:3:{s:5:\"count\";i:1;s:15:\"control_percent\";i:10;s:8:\"controls\";a:3:{s:7:\"content\";a:1:{s:12:\"section_icon\";a:3:{s:10:\"title_text\";i:1;s:16:\"description_text\";i:1;s:10:\"title_size\";i:1;}}s:5:\"style\";a:1:{s:21:\"section_style_content\";a:15:{s:26:\"title_typography_font_size\";i:1;s:10:\"text_align\";i:1;s:17:\"text_align_tablet\";i:1;s:18:\"title_bottom_space\";i:1;s:11:\"title_color\";i:1;s:17:\"description_color\";i:1;s:33:\"description_typography_typography\";i:1;s:32:\"description_typography_font_size\";i:1;s:25:\"title_bottom_space_tablet\";i:1;s:39:\"description_typography_font_size_tablet\";i:1;s:17:\"text_align_mobile\";i:1;s:27:\"title_typography_typography\";i:1;s:28:\"title_typography_font_family\";i:1;s:28:\"title_typography_line_height\";i:1;s:33:\"title_typography_font_size_mobile\";i:1;}}s:8:\"advanced\";a:1:{s:14:\"_section_style\";a:6:{s:7:\"_margin\";i:1;s:8:\"_padding\";i:1;s:15:\"_padding_mobile\";i:1;s:15:\"_padding_tablet\";i:1;s:14:\"_margin_tablet\";i:1;s:14:\"_margin_mobile\";i:1;}}}}s:5:\"image\";a:3:{s:5:\"count\";i:2;s:15:\"control_percent\";i:4;s:8:\"controls\";a:3:{s:7:\"content\";a:1:{s:13:\"section_image\";a:3:{s:5:\"image\";i:2;s:5:\"align\";i:2;s:12:\"align_mobile\";i:2;}}s:5:\"style\";a:1:{s:19:\"section_style_image\";a:7:{s:5:\"width\";i:2;s:7:\"opacity\";i:2;s:20:\"css_filters_saturate\";i:2;s:15:\"css_filters_hue\";i:2;s:12:\"width_tablet\";i:2;s:12:\"width_mobile\";i:2;s:15:\"hover_animation\";i:2;}}s:8:\"advanced\";a:1:{s:14:\"_section_style\";a:2:{s:7:\"_margin\";i:2;s:14:\"_margin_tablet\";i:1;}}}}}"]},"post_content":"\u003Cfigure\u003E\u003Cimg width=\"250\" height=\"110\" src=\"https:\/\/websitedemos.net\/organic-shop-02\/wp-content\/uploads\/sites\/465\/2019\/06\/logo-leaf.png\" alt=\"\" \/\u003E\u003C\/figure\u003E\u003Ch3\u003EYou Are Now a Part of Our Organic Movement!\u003C\/h3\u003E\u003Cp\u003EClick edit button to change this text. Lorem ipsum dolor sit amet, consectetur adipiscing elit. Ut elit tellus, luctus nec ullamcorper mattis, pulvinar dapibus leo.\u003C\/p\u003E\t\t\n\t\t[cartflows_order_details]\t\t\n\t\t\t\t\u003Ch5\u003E\n\t\t\t\t\tDownload Our Mobile App\n\t\t\t\t\u003C\/h5\u003E\n\t\t\t\t\u003Cp\u003EMolestiae reiciendis neque arcu! Tempor reprehenderit accusantium quibusdam iste accusan.\u003C\/p\u003E\n\t\t\t\t\t\t\t\t\t\t\u003Cimg width=\"201\" height=\"60\" src=\"https:\/\/websitedemos.net\/organic-shop-02\/wp-content\/uploads\/sites\/465\/2019\/06\/app-store.png\" alt=\"\" \/\u003E\t\t\t\t\t\t\t\t\t\t\t\n\t\t\t\t\t\t\t\t\t\t\u003Cimg width=\"201\" height=\"60\" src=\"https:\/\/websitedemos.net\/organic-shop-02\/wp-content\/uploads\/sites\/465\/2019\/06\/play-store.png\" alt=\"\" \/\u003E"}]}]