[{"fields":{"0":{"id":"0","type":"name","label":"Name","format":"first-last","description":"","required":"1","size":"large","simple_placeholder":"","simple_default":"","first_placeholder":"First name","first_default":"","middle_placeholder":"","middle_default":"","last_placeholder":"Last name","last_default":"","label_hide":"1","sublabel_hide":"1","css":""},"1":{"id":"1","type":"email","label":"Email","description":"","required":"1","size":"large","placeholder":"Enter email address","confirmation_placeholder":"","label_hide":"1","default_value":"","css":"","filter_type":"","allowlist":"","denylist":""},"3":{"id":"3","type":"text","label":"Single Line Text","description":"","size":"large","placeholder":"Phone number","label_hide":"1","limit_count":"1","limit_mode":"characters","default_value":"","css":"","input_mask":""},"2":{"id":"2","type":"textarea","label":"Comment or Message","description":"","required":"1","size":"medium","placeholder":"Enter your message","label_hide":"1","limit_count":"1","limit_mode":"characters","default_value":"","css":""}},"id":"67","field_id":"4","settings":{"form_title":"Simple Contact Form","form_desc":"","form_class":"","submit_text":"SUBMIT NOW","submit_text_processing":"Sending...","submit_class":"","antispam":"1","notification_enable":"1","notifications":{"1":{"email":"{admin_email}","subject":"New Entry: Simple Contact Form","sender_name":"Heating And A\/C Technician","sender_address":"{admin_email}","replyto":"{field_id=\"1\"}","message":"{all_fields}"}},"confirmations":{"1":{"type":"message","message":"Thanks for contacting us! We will be in touch with you shortly.","message_scroll":"1","page":"12","redirect":""}}},"meta":{"template":"contact"}}]