{"e41":{"slug":"e41","name":"Writing Course","categories":["course"],"pro":false,"member":false,"content":"https:\/\/api.startertemplatecloud.com\/wp-content\/uploads\/2022\/06\/elementor_writing_course.xml","widget_data":"https:\/\/api.startertemplatecloud.com\/wp-content\/uploads\/2022\/06\/e41-widget_data-3.json","form_data":"","give_form_data":"","give_donation_data":"","theme_options":"https:\/\/api.startertemplatecloud.com\/wp-content\/uploads\/2022\/06\/e41-theme_options-5.json","depicter_data":"","plugins":["kadence-blocks","fluentform","elementor","learndash","learndash-course-grid"],"url":"https:\/\/startertemplatecloud.com\/e41\/","image":"https:\/\/api.startertemplatecloud.com\/wp-content\/uploads\/2022\/06\/e41-preview_image-1.jpeg","content_width":"normal","type":"elementor","ecommerce":false,"homepage":"Home","blogpage":"Blog","keywords":["course\r\nelementor\r\nwriting\r\nlearning"],"pages":{"home":{"id":"home","title":"Home","url":"https:\/\/startertemplatecloud.com\/e41\/","image":"https:\/\/api.startertemplatecloud.com\/wp-content\/uploads\/2022\/06\/e41-page_image-4.jpeg","thumbnail":"https:\/\/api.startertemplatecloud.com\/wp-content\/uploads\/2022\/06\/e41-page_image-4-800x5640.jpeg","crop_thumbnail":"https:\/\/api.startertemplatecloud.com\/wp-content\/uploads\/2022\/06\/e41-page_image-4-800x1008.jpeg","content":"https:\/\/api.startertemplatecloud.com\/wp-content\/uploads\/2022\/06\/e41-page_content_7.xml","meta":"inherit"},"about":{"id":"about","title":"About","url":"https:\/\/startertemplatecloud.com\/e41\/about\/","image":"https:\/\/api.startertemplatecloud.com\/wp-content\/uploads\/2022\/06\/e41-page_image-5.jpeg","thumbnail":"https:\/\/api.startertemplatecloud.com\/wp-content\/uploads\/2022\/06\/e41-page_image-5-800x2062.jpeg","crop_thumbnail":"https:\/\/api.startertemplatecloud.com\/wp-content\/uploads\/2022\/06\/e41-page_image-5-800x1008.jpeg","content":"https:\/\/api.startertemplatecloud.com\/wp-content\/uploads\/2022\/06\/e41-page_content_8.xml","meta":"inherit"},"contacts":{"id":"contacts","title":"Contacts","url":"https:\/\/startertemplatecloud.com\/e41\/contacts\/","image":"https:\/\/api.startertemplatecloud.com\/wp-content\/uploads\/2022\/06\/e41-page_image-6.jpeg","thumbnail":"https:\/\/api.startertemplatecloud.com\/wp-content\/uploads\/2022\/06\/e41-page_image-6-800x1536.jpeg","crop_thumbnail":"https:\/\/api.startertemplatecloud.com\/wp-content\/uploads\/2022\/06\/e41-page_image-6-800x1008.jpeg","content":"https:\/\/api.startertemplatecloud.com\/wp-content\/uploads\/2022\/06\/e41-page_content_10.xml","meta":"inherit"},"faq":{"id":"faq","title":"FAQ","url":"https:\/\/startertemplatecloud.com\/e41\/faq\/","image":"https:\/\/api.startertemplatecloud.com\/wp-content\/uploads\/2022\/06\/e41-page_image-7.jpeg","thumbnail":"https:\/\/api.startertemplatecloud.com\/wp-content\/uploads\/2022\/06\/e41-page_image-7-800x813.jpeg","crop_thumbnail":"https:\/\/api.startertemplatecloud.com\/wp-content\/uploads\/2022\/06\/e41-page_image-7-800x1008.jpeg","content":"https:\/\/api.startertemplatecloud.com\/wp-content\/uploads\/2022\/06\/e41-page_content_11-1.xml","meta":"inherit"}},"menus":{"primary":{"menu":"primary","title":"Main"}}},"e21":{"slug":"e21","name":"SEO Skills","categories":[],"pro":false,"member":false,"content":"https:\/\/api.startertemplatecloud.com\/wp-content\/uploads\/2021\/11\/e21_all-content.xml","widget_data":"https:\/\/api.startertemplatecloud.com\/wp-content\/uploads\/2021\/11\/e21_widget-data.json","form_data":"https:\/\/api.startertemplatecloud.com\/wp-content\/uploads\/2021\/11\/e21_form-data.json","give_form_data":"","give_donation_data":"","theme_options":"https:\/\/api.startertemplatecloud.com\/wp-content\/uploads\/2021\/11\/e21_theme-data.json","depicter_data":"","plugins":["fluentform","elementor","learndash"],"url":"https:\/\/startertemplatecloud.com\/e21\/","image":"https:\/\/api.startertemplatecloud.com\/wp-content\/uploads\/2021\/11\/g21_preview-min.jpg","content_width":"normal","type":"elementor","ecommerce":false,"homepage":"Home","blogpage":"Lessons","keywords":["template\r\ncourse\r\nwebinar\r\nlearndash\r\nlearn\r\n"],"pages":{"home":{"id":"home","title":"Home","url":"https:\/\/startertemplatecloud.com\/e21\/","image":"https:\/\/api.startertemplatecloud.com\/wp-content\/uploads\/2021\/11\/g21_home-min.jpeg","thumbnail":"https:\/\/api.startertemplatecloud.com\/wp-content\/uploads\/2021\/11\/g21_home-min-800x2603.jpeg","crop_thumbnail":"https:\/\/api.startertemplatecloud.com\/wp-content\/uploads\/2021\/11\/g21_home-min-800x1008.jpeg","content":"https:\/\/api.startertemplatecloud.com\/wp-content\/uploads\/2021\/11\/e21_home.xml","meta":"inherit"},"course":{"id":"course","title":"Course","url":"https:\/\/startertemplatecloud.com\/e21\/course\/","image":"https:\/\/api.startertemplatecloud.com\/wp-content\/uploads\/2021\/11\/g21_course-min.jpeg","thumbnail":"https:\/\/api.startertemplatecloud.com\/wp-content\/uploads\/2021\/11\/g21_course-min-800x2570.jpeg","crop_thumbnail":"https:\/\/api.startertemplatecloud.com\/wp-content\/uploads\/2021\/11\/g21_course-min-800x1008.jpeg","content":"https:\/\/api.startertemplatecloud.com\/wp-content\/uploads\/2021\/11\/e21_course.xml","meta":"inherit"},"books":{"id":"books","title":"Books","url":"https:\/\/startertemplatecloud.com\/e21\/books\/","image":"https:\/\/api.startertemplatecloud.com\/wp-content\/uploads\/2021\/11\/g21_books-min.jpeg","thumbnail":"https:\/\/api.startertemplatecloud.com\/wp-content\/uploads\/2021\/11\/g21_books-min-800x876.jpeg","crop_thumbnail":"https:\/\/api.startertemplatecloud.com\/wp-content\/uploads\/2021\/11\/g21_books-min-800x1008.jpeg","content":"https:\/\/api.startertemplatecloud.com\/wp-content\/uploads\/2021\/11\/e21_books.xml","meta":"inherit"},"contact":{"id":"contact","title":"Contact","url":"https:\/\/startertemplatecloud.com\/e21\/contact\/","image":"https:\/\/api.startertemplatecloud.com\/wp-content\/uploads\/2021\/11\/g21_contact-min.jpeg","thumbnail":"https:\/\/api.startertemplatecloud.com\/wp-content\/uploads\/2021\/11\/g21_contact-min-800x1038.jpeg","crop_thumbnail":"https:\/\/api.startertemplatecloud.com\/wp-content\/uploads\/2021\/11\/g21_contact-min-800x1008.jpeg","content":"https:\/\/api.startertemplatecloud.com\/wp-content\/uploads\/2021\/11\/e21_contact.xml","meta":"inherit"},"about":{"id":"about","title":"About","url":"https:\/\/startertemplatecloud.com\/e21\/about\/","image":"https:\/\/api.startertemplatecloud.com\/wp-content\/uploads\/2021\/11\/g21_about-min.jpeg","thumbnail":"https:\/\/api.startertemplatecloud.com\/wp-content\/uploads\/2021\/11\/g21_about-min-800x1769.jpeg","crop_thumbnail":"https:\/\/api.startertemplatecloud.com\/wp-content\/uploads\/2021\/11\/g21_about-min-800x1008.jpeg","content":"https:\/\/api.startertemplatecloud.com\/wp-content\/uploads\/2021\/11\/e21_about.xml","meta":"inherit"},"faq":{"id":"faq","title":"FAQ","url":"https:\/\/startertemplatecloud.com\/e21\/faq\/","image":"https:\/\/api.startertemplatecloud.com\/wp-content\/uploads\/2021\/11\/g21_faq-min.jpeg","thumbnail":"https:\/\/api.startertemplatecloud.com\/wp-content\/uploads\/2021\/11\/g21_faq-min-800x688.jpeg","crop_thumbnail":"https:\/\/api.startertemplatecloud.com\/wp-content\/uploads\/2021\/11\/g21_faq-min-800x1008.jpeg","content":"https:\/\/api.startertemplatecloud.com\/wp-content\/uploads\/2021\/11\/e21_faq.xml","meta":"inherit"}},"menus":[]},"member_e01":{"slug":"member_e01","name":"Get.Income","categories":[],"pro":true,"member":false,"depicter_data":"","plugins":["kadence-blocks","kadence-blocks-pro","kadence-pro","fluentform","elementor"],"url":"https:\/\/startertemplatecloud.com\/member-e01\/","image":"https:\/\/api.startertemplatecloud.com\/wp-content\/uploads\/2021\/01\/member-preview.jpg","content_width":"normal","type":"elementor","ecommerce":false,"homepage":"Home","blogpage":"","keywords":["membership\r\nlms\r\ncourse"],"pages":{"home":{"id":"home","title":"Home","url":"https:\/\/startertemplatecloud.com\/member-e01\/","image":"https:\/\/api.startertemplatecloud.com\/wp-content\/uploads\/2021\/01\/get-income-starter-home.jpg","thumbnail":"https:\/\/api.startertemplatecloud.com\/wp-content\/uploads\/2021\/01\/get-income-starter-home-800x3635.jpg","crop_thumbnail":"https:\/\/api.startertemplatecloud.com\/wp-content\/uploads\/2021\/01\/get-income-starter-home-800x1008.jpg","content":"https:\/\/api.startertemplatecloud.com\/wp-content\/uploads\/2021\/01\/getincome-home-content.xml","meta":"inherit"},"podcast":{"id":"podcast","title":"Podcast","url":"https:\/\/startertemplatecloud.com\/member-e01\/podcast-page\/","image":"https:\/\/api.startertemplatecloud.com\/wp-content\/uploads\/2021\/01\/get-income-podcast-image.jpg","thumbnail":"https:\/\/api.startertemplatecloud.com\/wp-content\/uploads\/2021\/01\/get-income-podcast-image-800x1633.jpg","crop_thumbnail":"https:\/\/api.startertemplatecloud.com\/wp-content\/uploads\/2021\/01\/get-income-podcast-image-800x1008.jpg","content":"https:\/\/api.startertemplatecloud.com\/wp-content\/uploads\/2021\/01\/getincome-podcast-content.xml","meta":"inherit"},"book":{"id":"book","title":"Book","url":"https:\/\/startertemplatecloud.com\/member-e01\/book-page\/","image":"https:\/\/api.startertemplatecloud.com\/wp-content\/uploads\/2021\/01\/get-income-book-image.jpg","thumbnail":"https:\/\/api.startertemplatecloud.com\/wp-content\/uploads\/2021\/01\/get-income-book-image-800x1451.jpg","crop_thumbnail":"https:\/\/api.startertemplatecloud.com\/wp-content\/uploads\/2021\/01\/get-income-book-image-800x1008.jpg","content":"https:\/\/api.startertemplatecloud.com\/wp-content\/uploads\/2021\/01\/getincome-book-content.xml","meta":"inherit"},"about":{"id":"about","title":"About","url":"https:\/\/startertemplatecloud.com\/member-e01\/about-page\/","image":"https:\/\/api.startertemplatecloud.com\/wp-content\/uploads\/2021\/01\/get-income-about-image.jpg","thumbnail":"https:\/\/api.startertemplatecloud.com\/wp-content\/uploads\/2021\/01\/get-income-about-image-800x2085.jpg","crop_thumbnail":"https:\/\/api.startertemplatecloud.com\/wp-content\/uploads\/2021\/01\/get-income-about-image-800x1008.jpg","content":"https:\/\/api.startertemplatecloud.com\/wp-content\/uploads\/2021\/01\/getincome-about-content.xml","meta":"inherit"},"contact":{"id":"contact","title":"Contact","url":"https:\/\/startertemplatecloud.com\/member-e01\/contact-page\/","image":"https:\/\/api.startertemplatecloud.com\/wp-content\/uploads\/2021\/01\/get-income-contact-image.jpg","thumbnail":"https:\/\/api.startertemplatecloud.com\/wp-content\/uploads\/2021\/01\/get-income-contact-image-800x1334.jpg","crop_thumbnail":"https:\/\/api.startertemplatecloud.com\/wp-content\/uploads\/2021\/01\/get-income-contact-image-800x1008.jpg","content":"https:\/\/api.startertemplatecloud.com\/wp-content\/uploads\/2021\/01\/getincome-contact-content.xml","meta":"inherit"},"courses":{"id":"courses","title":"Courses","url":"https:\/\/startertemplatecloud.com\/member-e01\/course\/","image":"https:\/\/api.startertemplatecloud.com\/wp-content\/uploads\/2021\/01\/get-income-courses-image.jpg","thumbnail":"https:\/\/api.startertemplatecloud.com\/wp-content\/uploads\/2021\/01\/get-income-courses-image-800x2223.jpg","crop_thumbnail":"https:\/\/api.startertemplatecloud.com\/wp-content\/uploads\/2021\/01\/get-income-courses-image-800x1008.jpg","content":"https:\/\/api.startertemplatecloud.com\/wp-content\/uploads\/2021\/01\/getincome-course-content.xml","meta":"inherit"},"resources":{"id":"resources","title":"Resources","url":"https:\/\/startertemplatecloud.com\/member-e01\/resources\/","image":"https:\/\/api.startertemplatecloud.com\/wp-content\/uploads\/2021\/01\/get-income-resouces-image.jpg","thumbnail":"https:\/\/api.startertemplatecloud.com\/wp-content\/uploads\/2021\/01\/get-income-resouces-image-800x1667.jpg","crop_thumbnail":"https:\/\/api.startertemplatecloud.com\/wp-content\/uploads\/2021\/01\/get-income-resouces-image-800x1008.jpg","content":"https:\/\/api.startertemplatecloud.com\/wp-content\/uploads\/2021\/01\/get-income-resources-content.xml","meta":"inherit"},"roadmap":{"id":"roadmap","title":"RoadMap","url":"https:\/\/startertemplatecloud.com\/member-e01\/roadmap\/","image":"https:\/\/api.startertemplatecloud.com\/wp-content\/uploads\/2021\/01\/get-income-roadmap-image.jpg","thumbnail":"https:\/\/api.startertemplatecloud.com\/wp-content\/uploads\/2021\/01\/get-income-roadmap-image-800x1459.jpg","crop_thumbnail":"https:\/\/api.startertemplatecloud.com\/wp-content\/uploads\/2021\/01\/get-income-roadmap-image-800x1008.jpg","content":"https:\/\/api.startertemplatecloud.com\/wp-content\/uploads\/2021\/01\/getincomeroadmap-content.xml","meta":"inherit"},"dashboard":{"id":"dashboard","title":"Dashboard","url":"https:\/\/startertemplatecloud.com\/member-e01\/dashboard\/","image":"https:\/\/api.startertemplatecloud.com\/wp-content\/uploads\/2021\/01\/get-income-dashboard-image.jpg","thumbnail":"https:\/\/api.startertemplatecloud.com\/wp-content\/uploads\/2021\/01\/get-income-dashboard-image-800x1620.jpg","crop_thumbnail":"https:\/\/api.startertemplatecloud.com\/wp-content\/uploads\/2021\/01\/get-income-dashboard-image-800x1008.jpg","content":"https:\/\/api.startertemplatecloud.com\/wp-content\/uploads\/2021\/01\/get-income-dashboard-content.xml","meta":"inherit"},"sale":{"id":"sale","title":"Sale","url":"https:\/\/startertemplatecloud.com\/member-e01\/sale-page\/","image":"https:\/\/api.startertemplatecloud.com\/wp-content\/uploads\/2021\/01\/get-income-sale-image.jpg","thumbnail":"https:\/\/api.startertemplatecloud.com\/wp-content\/uploads\/2021\/01\/get-income-sale-image-800x3420.jpg","crop_thumbnail":"https:\/\/api.startertemplatecloud.com\/wp-content\/uploads\/2021\/01\/get-income-sale-image-800x1008.jpg","content":"https:\/\/api.startertemplatecloud.com\/wp-content\/uploads\/2021\/01\/get-income-sale-page.xml","meta":"inherit"}},"menus":[]},"e01":{"slug":"e01","name":"Real Estate","categories":[],"pro":false,"member":false,"content":"https:\/\/api.startertemplatecloud.com\/wp-content\/uploads\/2021\/01\/update_e01_all.xml","widget_data":"https:\/\/api.startertemplatecloud.com\/wp-content\/uploads\/2021\/01\/e01_widget_data.json","form_data":"https:\/\/api.startertemplatecloud.com\/wp-content\/uploads\/2021\/01\/e01_form_data.json","give_form_data":"","give_donation_data":"","theme_options":"https:\/\/api.startertemplatecloud.com\/wp-content\/uploads\/2021\/01\/e01_theme_options.json","depicter_data":"","plugins":["fluentform","elementor"],"url":"https:\/\/startertemplatecloud.com\/e01\/","image":"https:\/\/api.startertemplatecloud.com\/wp-content\/uploads\/2021\/01\/e01_preview-image.jpg","content_width":"large","type":"elementor","ecommerce":false,"homepage":"Home","blogpage":"Blog","keywords":["business\r\nhouse\r\nreal\r\nestate"],"pages":{"home":{"id":"home","title":"Home","url":"https:\/\/startertemplatecloud.com\/e01\/","image":"https:\/\/api.startertemplatecloud.com\/wp-content\/uploads\/2021\/01\/e01_home.jpg","thumbnail":"https:\/\/api.startertemplatecloud.com\/wp-content\/uploads\/2021\/01\/e01_home.jpg","crop_thumbnail":"https:\/\/api.startertemplatecloud.com\/wp-content\/uploads\/2021\/01\/e01_home-800x1008.jpg","content":"https:\/\/api.startertemplatecloud.com\/wp-content\/uploads\/2021\/01\/update_e01_home.xml","meta":"inherit"},"services":{"id":"services","title":"Services","url":"https:\/\/startertemplatecloud.com\/e01\/services\/","image":"https:\/\/api.startertemplatecloud.com\/wp-content\/uploads\/2021\/01\/e01_services.jpg","thumbnail":"https:\/\/api.startertemplatecloud.com\/wp-content\/uploads\/2021\/01\/e01_services-800x2747.jpg","crop_thumbnail":"https:\/\/api.startertemplatecloud.com\/wp-content\/uploads\/2021\/01\/e01_services-800x1008.jpg","content":"https:\/\/api.startertemplatecloud.com\/wp-content\/uploads\/2021\/01\/update_e01_services.xml","meta":"inherit"},"about":{"id":"about","title":"About","url":"https:\/\/startertemplatecloud.com\/e01\/about\/","image":"https:\/\/api.startertemplatecloud.com\/wp-content\/uploads\/2021\/01\/e01_about.jpg","thumbnail":"https:\/\/api.startertemplatecloud.com\/wp-content\/uploads\/2021\/01\/e01_about-800x2574.jpg","crop_thumbnail":"https:\/\/api.startertemplatecloud.com\/wp-content\/uploads\/2021\/01\/e01_about-800x1008.jpg","content":"https:\/\/api.startertemplatecloud.com\/wp-content\/uploads\/2021\/01\/update_e01_about.xml","meta":"inherit"},"contact":{"id":"contact","title":"Contact","url":"https:\/\/startertemplatecloud.com\/e01\/contact\/","image":"https:\/\/api.startertemplatecloud.com\/wp-content\/uploads\/2021\/01\/e01_contact.jpg","thumbnail":"https:\/\/api.startertemplatecloud.com\/wp-content\/uploads\/2021\/01\/e01_contact-800x1238.jpg","crop_thumbnail":"https:\/\/api.startertemplatecloud.com\/wp-content\/uploads\/2021\/01\/e01_contact-800x1008.jpg","content":"https:\/\/api.startertemplatecloud.com\/wp-content\/uploads\/2021\/01\/update_e01_contact.xml","meta":"inherit"},"brokerage":{"id":"brokerage","title":"Brokerage","url":"https:\/\/startertemplatecloud.com\/e01\/brokerage\/","image":"https:\/\/api.startertemplatecloud.com\/wp-content\/uploads\/2021\/01\/e01_brokerage.jpg","thumbnail":"https:\/\/api.startertemplatecloud.com\/wp-content\/uploads\/2021\/01\/e01_brokerage-800x1875.jpg","crop_thumbnail":"https:\/\/api.startertemplatecloud.com\/wp-content\/uploads\/2021\/01\/e01_brokerage-800x1008.jpg","content":"https:\/\/api.startertemplatecloud.com\/wp-content\/uploads\/2021\/01\/update_e01_brokerage.xml","meta":"inherit"},"norman":{"id":"norman","title":"418 Norman Street","url":"https:\/\/startertemplatecloud.com\/e01\/418-norman-street\/","image":"https:\/\/api.startertemplatecloud.com\/wp-content\/uploads\/2021\/01\/e01_norman.jpg","thumbnail":"https:\/\/api.startertemplatecloud.com\/wp-content\/uploads\/2021\/01\/e01_norman-800x2007.jpg","crop_thumbnail":"https:\/\/api.startertemplatecloud.com\/wp-content\/uploads\/2021\/01\/e01_norman-800x1008.jpg","content":"https:\/\/api.startertemplatecloud.com\/wp-content\/uploads\/2021\/01\/update_e01_norman.xml","meta":"inherit"}},"menus":[]},"e05":{"slug":"e05","name":"WebAgency","categories":[],"pro":false,"member":false,"content":"https:\/\/api.startertemplatecloud.com\/wp-content\/uploads\/2021\/01\/e05_demo_content.xml","widget_data":"https:\/\/api.startertemplatecloud.com\/wp-content\/uploads\/2021\/01\/e05_widget_data.json","form_data":"https:\/\/api.startertemplatecloud.com\/wp-content\/uploads\/2021\/01\/e05_form_data.json","give_form_data":"","give_donation_data":"","theme_options":"https:\/\/api.startertemplatecloud.com\/wp-content\/uploads\/2021\/01\/e05_theme_options.json","depicter_data":"","plugins":["fluentform","elementor"],"url":"https:\/\/startertemplatecloud.com\/e05\/","image":"https:\/\/api.startertemplatecloud.com\/wp-content\/uploads\/2021\/01\/e05_preview-image.jpg","content_width":"normal","type":"elementor","ecommerce":false,"homepage":"Home","blogpage":"Blog","keywords":["agency\r\nweb\r\nbusiness"],"pages":{"home":{"id":"home","title":"Home","url":"https:\/\/startertemplatecloud.com\/e05\/","image":"https:\/\/api.startertemplatecloud.com\/wp-content\/uploads\/2021\/01\/e05_home.jpg","thumbnail":"https:\/\/api.startertemplatecloud.com\/wp-content\/uploads\/2021\/01\/e05_home-800x4089.jpg","crop_thumbnail":"https:\/\/api.startertemplatecloud.com\/wp-content\/uploads\/2021\/01\/e05_home-800x1008.jpg","content":"https:\/\/api.startertemplatecloud.com\/wp-content\/uploads\/2021\/01\/e05_home_content.xml","meta":"inherit"},"about":{"id":"about","title":"About","url":"https:\/\/startertemplatecloud.com\/e05\/about\/","image":"https:\/\/api.startertemplatecloud.com\/wp-content\/uploads\/2021\/01\/e05_about.jpg","thumbnail":"https:\/\/api.startertemplatecloud.com\/wp-content\/uploads\/2021\/01\/e05_about-800x3721.jpg","crop_thumbnail":"https:\/\/api.startertemplatecloud.com\/wp-content\/uploads\/2021\/01\/e05_about-800x1008.jpg","content":"https:\/\/api.startertemplatecloud.com\/wp-content\/uploads\/2021\/01\/e05_about_content.xml","meta":"inherit"},"portfolio":{"id":"portfolio","title":"Portfolio","url":"https:\/\/startertemplatecloud.com\/e05\/price\/","image":"https:\/\/api.startertemplatecloud.com\/wp-content\/uploads\/2021\/01\/e05_portfolio.jpg","thumbnail":"https:\/\/api.startertemplatecloud.com\/wp-content\/uploads\/2021\/01\/e05_portfolio-800x2380.jpg","crop_thumbnail":"https:\/\/api.startertemplatecloud.com\/wp-content\/uploads\/2021\/01\/e05_portfolio-800x1008.jpg","content":"https:\/\/api.startertemplatecloud.com\/wp-content\/uploads\/2021\/01\/e05_portfolio_content.xml","meta":"inherit"},"single-portfolio":{"id":"single-portfolio","title":"Single Portfolio","url":"https:\/\/startertemplatecloud.com\/e05\/single-portfolio\/","image":"https:\/\/api.startertemplatecloud.com\/wp-content\/uploads\/2021\/01\/e05_single-portfolio.jpg","thumbnail":"https:\/\/api.startertemplatecloud.com\/wp-content\/uploads\/2021\/01\/e05_single-portfolio-800x2355.jpg","crop_thumbnail":"https:\/\/api.startertemplatecloud.com\/wp-content\/uploads\/2021\/01\/e05_single-portfolio-800x1008.jpg","content":"https:\/\/api.startertemplatecloud.com\/wp-content\/uploads\/2021\/01\/e05_portfolio-single_content.xml","meta":"inherit"},"services":{"id":"services","title":"Services","url":"https:\/\/startertemplatecloud.com\/e05\/services\/","image":"https:\/\/api.startertemplatecloud.com\/wp-content\/uploads\/2021\/01\/e05_services.jpg","thumbnail":"https:\/\/api.startertemplatecloud.com\/wp-content\/uploads\/2021\/01\/e05_services-800x2572.jpg","crop_thumbnail":"https:\/\/api.startertemplatecloud.com\/wp-content\/uploads\/2021\/01\/e05_services-800x1008.jpg","content":"https:\/\/api.startertemplatecloud.com\/wp-content\/uploads\/2021\/01\/e05_services_content.xml","meta":"inherit"},"contact":{"id":"contact","title":"Contact","url":"https:\/\/startertemplatecloud.com\/e05\/contact\/","image":"https:\/\/api.startertemplatecloud.com\/wp-content\/uploads\/2021\/01\/e05_contact.jpg","thumbnail":"https:\/\/api.startertemplatecloud.com\/wp-content\/uploads\/2021\/01\/e05_contact-800x1498.jpg","crop_thumbnail":"https:\/\/api.startertemplatecloud.com\/wp-content\/uploads\/2021\/01\/e05_contact-800x1008.jpg","content":"https:\/\/api.startertemplatecloud.com\/wp-content\/uploads\/2021\/01\/e05_contact_content.xml","meta":"inherit"}},"menus":[]},"e08":{"slug":"e08","name":"Resto","categories":[],"pro":false,"member":false,"content":"https:\/\/api.startertemplatecloud.com\/wp-content\/uploads\/2021\/09\/resto_e08_all.xml","widget_data":"https:\/\/api.startertemplatecloud.com\/wp-content\/uploads\/2021\/09\/resto-e08-widgets.json","form_data":"https:\/\/api.startertemplatecloud.com\/wp-content\/uploads\/2021\/09\/fluentform-export-forms-1-09-09-2021.json","give_form_data":"","give_donation_data":"","theme_options":"https:\/\/api.startertemplatecloud.com\/wp-content\/uploads\/2021\/09\/resto-e08-theme-options.json","depicter_data":"","plugins":["kadence-blocks","fluentform","elementor","woocommerce"],"url":"https:\/\/startertemplatecloud.com\/e08\/","image":"https:\/\/api.startertemplatecloud.com\/wp-content\/uploads\/2021\/09\/g08_preview_image.jpg","content_width":"normal","type":"elementor","ecommerce":true,"homepage":"Home","blogpage":"Blog","keywords":["template\r\nblocks\r\nrestaurant\r\ne-commerce\r\nbusiness"],"pages":{"home":{"id":"home","title":"Home","url":"https:\/\/startertemplatecloud.com\/e08\/","image":"https:\/\/api.startertemplatecloud.com\/wp-content\/uploads\/2021\/08\/home-min.png","thumbnail":"https:\/\/api.startertemplatecloud.com\/wp-content\/uploads\/2021\/08\/home-min-800x3390.png","crop_thumbnail":"https:\/\/api.startertemplatecloud.com\/wp-content\/uploads\/2021\/08\/home-min-800x1008.png","content":"https:\/\/api.startertemplatecloud.com\/wp-content\/uploads\/2021\/09\/e08_home.xml","meta":"inherit"},"about":{"id":"about","title":"About","url":"https:\/\/startertemplatecloud.com\/e08\/about-us\/","image":"https:\/\/api.startertemplatecloud.com\/wp-content\/uploads\/2021\/08\/about-min-2.jpeg","thumbnail":"https:\/\/api.startertemplatecloud.com\/wp-content\/uploads\/2021\/08\/about-min-2-800x1926.jpeg","crop_thumbnail":"https:\/\/api.startertemplatecloud.com\/wp-content\/uploads\/2021\/08\/about-min-2-800x1008.jpeg","content":"https:\/\/api.startertemplatecloud.com\/wp-content\/uploads\/2021\/09\/e08_about.xml","meta":"inherit"},"menu":{"id":"menu","title":"Menu","url":"https:\/\/startertemplatecloud.com\/e08\/our-menu\/","image":"https:\/\/api.startertemplatecloud.com\/wp-content\/uploads\/2021\/08\/menu-min.jpeg","thumbnail":"https:\/\/api.startertemplatecloud.com\/wp-content\/uploads\/2021\/08\/menu-min-800x1566.jpeg","crop_thumbnail":"https:\/\/api.startertemplatecloud.com\/wp-content\/uploads\/2021\/08\/menu-min-800x1008.jpeg","content":"https:\/\/api.startertemplatecloud.com\/wp-content\/uploads\/2021\/09\/e08_menu.xml","meta":"inherit"},"reviews":{"id":"reviews","title":"Reviews","url":"https:\/\/startertemplatecloud.com\/e08\/reviews\/","image":"https:\/\/api.startertemplatecloud.com\/wp-content\/uploads\/2021\/09\/reviews-min-1.jpeg","thumbnail":"https:\/\/api.startertemplatecloud.com\/wp-content\/uploads\/2021\/09\/reviews-min-1-800x754.jpeg","crop_thumbnail":"https:\/\/api.startertemplatecloud.com\/wp-content\/uploads\/2021\/09\/reviews-min-1-800x1008.jpeg","content":"https:\/\/api.startertemplatecloud.com\/wp-content\/uploads\/2021\/09\/e08_reviews.xml","meta":"inherit"},"services":{"id":"services","title":"Services","url":"https:\/\/startertemplatecloud.com\/e08\/services\/","image":"https:\/\/api.startertemplatecloud.com\/wp-content\/uploads\/2021\/08\/services-min-1.jpeg","thumbnail":"https:\/\/api.startertemplatecloud.com\/wp-content\/uploads\/2021\/08\/services-min-1-800x1676.jpeg","crop_thumbnail":"https:\/\/api.startertemplatecloud.com\/wp-content\/uploads\/2021\/08\/services-min-1-800x1008.jpeg","content":"https:\/\/api.startertemplatecloud.com\/wp-content\/uploads\/2021\/09\/e08_services.xml","meta":"inherit"},"contact":{"id":"contact","title":"Contact","url":"https:\/\/startertemplatecloud.com\/e08\/contact\/","image":"https:\/\/api.startertemplatecloud.com\/wp-content\/uploads\/2021\/08\/contact-min-2.jpeg","thumbnail":"https:\/\/api.startertemplatecloud.com\/wp-content\/uploads\/2021\/08\/contact-min-2-800x1117.jpeg","crop_thumbnail":"https:\/\/api.startertemplatecloud.com\/wp-content\/uploads\/2021\/08\/contact-min-2-800x1008.jpeg","content":"https:\/\/api.startertemplatecloud.com\/wp-content\/uploads\/2021\/09\/e08_contact.xml","meta":"inherit"},"faq":{"id":"faq","title":"FAQ","url":"https:\/\/startertemplatecloud.com\/e08\/faq\/","image":"https:\/\/api.startertemplatecloud.com\/wp-content\/uploads\/2021\/08\/faq-min.jpeg","thumbnail":"https:\/\/api.startertemplatecloud.com\/wp-content\/uploads\/2021\/08\/faq-min-800x1014.jpeg","crop_thumbnail":"https:\/\/api.startertemplatecloud.com\/wp-content\/uploads\/2021\/08\/faq-min-800x1008.jpeg","content":"https:\/\/api.startertemplatecloud.com\/wp-content\/uploads\/2021\/09\/e08_faq.xml","meta":"inherit"}},"menus":[]},"e09":{"slug":"e09","name":"Gourmet Burgers","categories":[],"pro":false,"member":false,"content":"https:\/\/api.startertemplatecloud.com\/wp-content\/uploads\/2021\/03\/gourmetburger_all_content.xml","widget_data":"https:\/\/api.startertemplatecloud.com\/wp-content\/uploads\/2021\/03\/e09_widgets.json","form_data":"https:\/\/api.startertemplatecloud.com\/wp-content\/uploads\/2021\/03\/e09_fluent.json","give_form_data":"","give_donation_data":"","theme_options":"https:\/\/api.startertemplatecloud.com\/wp-content\/uploads\/2021\/03\/gourmet_e09_theme.json","depicter_data":"","plugins":["fluentform","elementor","woocommerce"],"url":"https:\/\/startertemplatecloud.com\/e09\/","image":"https:\/\/api.startertemplatecloud.com\/wp-content\/uploads\/2021\/03\/e09_preview-image-min.jpg","content_width":"normal","type":"elementor","ecommerce":true,"homepage":"Home","blogpage":"Blog","keywords":["restaurant\r\nfood\r\nbusiness"],"pages":{"home":{"id":"home","title":"Home","url":"https:\/\/startertemplatecloud.com\/e09\/","image":"https:\/\/api.startertemplatecloud.com\/wp-content\/uploads\/2021\/03\/e09_home-min.jpeg","thumbnail":"https:\/\/api.startertemplatecloud.com\/wp-content\/uploads\/2021\/03\/e09_home-min-800x4199.jpeg","crop_thumbnail":"https:\/\/api.startertemplatecloud.com\/wp-content\/uploads\/2021\/03\/e09_home-min-800x1008.jpeg","content":"https:\/\/api.startertemplatecloud.com\/wp-content\/uploads\/2021\/03\/e09_home.xml","meta":"inherit"},"reviews":{"id":"reviews","title":"Reviews","url":"https:\/\/startertemplatecloud.com\/e09\/reviews\/","image":"https:\/\/api.startertemplatecloud.com\/wp-content\/uploads\/2021\/03\/reviews_e09.jpg","thumbnail":"https:\/\/api.startertemplatecloud.com\/wp-content\/uploads\/2021\/03\/reviews_e09-800x836.jpg","crop_thumbnail":"https:\/\/api.startertemplatecloud.com\/wp-content\/uploads\/2021\/03\/reviews_e09-800x1008.jpg","content":"https:\/\/api.startertemplatecloud.com\/wp-content\/uploads\/2021\/03\/e09_reviews.xml","meta":"inherit"},"ourmenu":{"id":"ourmenu","title":"Menu","url":"https:\/\/startertemplatecloud.com\/e09\/our-menu\/","image":"https:\/\/api.startertemplatecloud.com\/wp-content\/uploads\/2021\/03\/menu_e09.jpg","thumbnail":"https:\/\/api.startertemplatecloud.com\/wp-content\/uploads\/2021\/03\/menu_e09-800x1393.jpg","crop_thumbnail":"https:\/\/api.startertemplatecloud.com\/wp-content\/uploads\/2021\/03\/menu_e09-800x1008.jpg","content":"https:\/\/api.startertemplatecloud.com\/wp-content\/uploads\/2021\/03\/e09_ourmenu.xml","meta":"inherit"},"services":{"id":"services","title":"Services","url":"https:\/\/startertemplatecloud.com\/e09\/our-menu\/","image":"https:\/\/api.startertemplatecloud.com\/wp-content\/uploads\/2021\/03\/services_e09.jpg","thumbnail":"https:\/\/api.startertemplatecloud.com\/wp-content\/uploads\/2021\/03\/services_e09-800x1778.jpg","crop_thumbnail":"https:\/\/api.startertemplatecloud.com\/wp-content\/uploads\/2021\/03\/services_e09-800x1008.jpg","content":"https:\/\/api.startertemplatecloud.com\/wp-content\/uploads\/2021\/03\/e09_services.xml","meta":"inherit"},"about":{"id":"about","title":"About","url":"https:\/\/startertemplatecloud.com\/e09\/about-us\/","image":"https:\/\/api.startertemplatecloud.com\/wp-content\/uploads\/2021\/03\/e09_about.jpg","thumbnail":"https:\/\/api.startertemplatecloud.com\/wp-content\/uploads\/2021\/03\/e09_about-800x1640.jpg","crop_thumbnail":"https:\/\/api.startertemplatecloud.com\/wp-content\/uploads\/2021\/03\/e09_about-800x1008.jpg","content":"https:\/\/api.startertemplatecloud.com\/wp-content\/uploads\/2021\/03\/e09_about.xml","meta":"inherit"},"faq":{"id":"faq","title":"FAQ","url":"https:\/\/startertemplatecloud.com\/e09\/faq\/","image":"https:\/\/api.startertemplatecloud.com\/wp-content\/uploads\/2021\/03\/e09_faq.jpg","thumbnail":"https:\/\/api.startertemplatecloud.com\/wp-content\/uploads\/2021\/03\/e09_faq-800x912.jpg","crop_thumbnail":"https:\/\/api.startertemplatecloud.com\/wp-content\/uploads\/2021\/03\/e09_faq-800x1008.jpg","content":"https:\/\/api.startertemplatecloud.com\/wp-content\/uploads\/2021\/03\/e09_faq.xml","meta":"inherit"},"contact":{"id":"contact","title":"Contact","url":"https:\/\/startertemplatecloud.com\/e09\/contact\/","image":"https:\/\/api.startertemplatecloud.com\/wp-content\/uploads\/2021\/03\/e09_contact.jpg","thumbnail":"https:\/\/api.startertemplatecloud.com\/wp-content\/uploads\/2021\/03\/e09_contact-800x1026.jpg","crop_thumbnail":"https:\/\/api.startertemplatecloud.com\/wp-content\/uploads\/2021\/03\/e09_contact-800x1008.jpg","content":"https:\/\/api.startertemplatecloud.com\/wp-content\/uploads\/2021\/03\/e09_contact.xml","meta":"inherit"}},"menus":[]},"e03":{"slug":"e03","name":"Course","categories":[],"pro":false,"member":false,"content":"https:\/\/api.startertemplatecloud.com\/wp-content\/uploads\/2021\/01\/e03_demo_content.xml","widget_data":"https:\/\/api.startertemplatecloud.com\/wp-content\/uploads\/2021\/01\/e03_widget_data.json","form_data":"https:\/\/api.startertemplatecloud.com\/wp-content\/uploads\/2021\/01\/e03_form_data.json","give_form_data":"","give_donation_data":"","theme_options":"https:\/\/api.startertemplatecloud.com\/wp-content\/uploads\/2021\/01\/e03_theme_options.json","depicter_data":"","plugins":["fluentform","elementor"],"url":"https:\/\/startertemplatecloud.com\/e03\/","image":"https:\/\/api.startertemplatecloud.com\/wp-content\/uploads\/2021\/01\/e03_preview-image.jpg","content_width":"large","type":"elementor","ecommerce":false,"homepage":"Home","blogpage":"Blog","keywords":["lms\r\nbusiness\r\ncourse"],"pages":{"home":{"id":"home","title":"Home","url":"https:\/\/startertemplatecloud.com\/e03\/","image":"https:\/\/api.startertemplatecloud.com\/wp-content\/uploads\/2021\/01\/e03_home.jpg","thumbnail":"https:\/\/api.startertemplatecloud.com\/wp-content\/uploads\/2021\/01\/e03_home-800x3021.jpg","crop_thumbnail":"https:\/\/api.startertemplatecloud.com\/wp-content\/uploads\/2021\/01\/e03_home-800x1008.jpg","content":"https:\/\/api.startertemplatecloud.com\/wp-content\/uploads\/2021\/01\/e03_home_content.xml","meta":"inherit"},"about":{"id":"about","title":"About","url":"https:\/\/startertemplatecloud.com\/e03\/about\/","image":"https:\/\/api.startertemplatecloud.com\/wp-content\/uploads\/2021\/01\/e03_about.jpg","thumbnail":"https:\/\/api.startertemplatecloud.com\/wp-content\/uploads\/2021\/01\/e03_about-800x1429.jpg","crop_thumbnail":"https:\/\/api.startertemplatecloud.com\/wp-content\/uploads\/2021\/01\/e03_about-800x1008.jpg","content":"https:\/\/api.startertemplatecloud.com\/wp-content\/uploads\/2021\/01\/e03_about_content.xml","meta":"inherit"},"courses":{"id":"courses","title":"Courses","url":"https:\/\/startertemplatecloud.com\/e03\/courses\/","image":"https:\/\/api.startertemplatecloud.com\/wp-content\/uploads\/2021\/01\/e03_courses.jpg","thumbnail":"https:\/\/api.startertemplatecloud.com\/wp-content\/uploads\/2021\/01\/e03_courses-800x1052.jpg","crop_thumbnail":"https:\/\/api.startertemplatecloud.com\/wp-content\/uploads\/2021\/01\/e03_courses-800x1008.jpg","content":"https:\/\/api.startertemplatecloud.com\/wp-content\/uploads\/2021\/01\/e03_courses_content.xml","meta":"inherit"},"course":{"id":"course","title":"Course","url":"https:\/\/startertemplatecloud.com\/e03\/course\/","image":"https:\/\/api.startertemplatecloud.com\/wp-content\/uploads\/2021\/01\/e03_course.jpg","thumbnail":"https:\/\/api.startertemplatecloud.com\/wp-content\/uploads\/2021\/01\/e03_course-800x2456.jpg","crop_thumbnail":"https:\/\/api.startertemplatecloud.com\/wp-content\/uploads\/2021\/01\/e03_course-800x1008.jpg","content":"https:\/\/api.startertemplatecloud.com\/wp-content\/uploads\/2021\/01\/e03_course_content.xml","meta":"inherit"},"contact":{"id":"contact","title":"Contact","url":"https:\/\/startertemplatecloud.com\/e03\/contact\/","image":"https:\/\/api.startertemplatecloud.com\/wp-content\/uploads\/2021\/01\/e03_contact.jpg","thumbnail":"https:\/\/api.startertemplatecloud.com\/wp-content\/uploads\/2021\/01\/e03_contact-800x875.jpg","crop_thumbnail":"https:\/\/api.startertemplatecloud.com\/wp-content\/uploads\/2021\/01\/e03_contact-800x1008.jpg","content":"https:\/\/api.startertemplatecloud.com\/wp-content\/uploads\/2021\/01\/e03_contact_content.xml","meta":"inherit"}},"menus":[]},"e10":{"slug":"e10","name":"Law Firm","categories":[],"pro":false,"member":false,"content":"https:\/\/api.startertemplatecloud.com\/wp-content\/uploads\/2021\/03\/e10_all_content.xml","widget_data":"https:\/\/api.startertemplatecloud.com\/wp-content\/uploads\/2021\/03\/e10_widget.json","form_data":"https:\/\/api.startertemplatecloud.com\/wp-content\/uploads\/2021\/03\/e10_form.json","give_form_data":"","give_donation_data":"","theme_options":"https:\/\/api.startertemplatecloud.com\/wp-content\/uploads\/2021\/03\/e10_theme_options.json","depicter_data":"","plugins":["kadence-blocks","fluentform","elementor"],"url":"https:\/\/startertemplatecloud.com\/e10\/","image":"https:\/\/api.startertemplatecloud.com\/wp-content\/uploads\/2021\/03\/e10_preview-image-min.jpg","content_width":"large","type":"elementor","ecommerce":false,"homepage":"Home","blogpage":"Blog","keywords":["business\r\nlaw\r\nfirm\r\n"],"pages":{"home":{"id":"home","title":"Home","url":"https:\/\/startertemplatecloud.com\/e10\/","image":"https:\/\/api.startertemplatecloud.com\/wp-content\/uploads\/2021\/03\/e10_law_home-min.jpg","thumbnail":"https:\/\/api.startertemplatecloud.com\/wp-content\/uploads\/2021\/03\/e10_law_home-min-800x4458.jpg","crop_thumbnail":"https:\/\/api.startertemplatecloud.com\/wp-content\/uploads\/2021\/03\/e10_law_home-min-800x1008.jpg","content":"https:\/\/api.startertemplatecloud.com\/wp-content\/uploads\/2021\/03\/e10_home.xml","meta":"inherit"},"about":{"id":"about","title":"About","url":"https:\/\/startertemplatecloud.com\/e10\/about\/","image":"https:\/\/api.startertemplatecloud.com\/wp-content\/uploads\/2021\/03\/e10_law_about-min.jpg","thumbnail":"https:\/\/api.startertemplatecloud.com\/wp-content\/uploads\/2021\/03\/e10_law_about-min-800x2873.jpg","crop_thumbnail":"https:\/\/api.startertemplatecloud.com\/wp-content\/uploads\/2021\/03\/e10_law_about-min-800x1008.jpg","content":"https:\/\/api.startertemplatecloud.com\/wp-content\/uploads\/2021\/03\/e10_about.xml","meta":"inherit"},"practice":{"id":"practice","title":"Practice Areas","url":"https:\/\/startertemplatecloud.com\/e10\/practice-areas\/","image":"https:\/\/api.startertemplatecloud.com\/wp-content\/uploads\/2021\/03\/e10_law_practice_areas-min.jpg","thumbnail":"https:\/\/api.startertemplatecloud.com\/wp-content\/uploads\/2021\/03\/e10_law_practice_areas-min-800x2319.jpg","crop_thumbnail":"https:\/\/api.startertemplatecloud.com\/wp-content\/uploads\/2021\/03\/e10_law_practice_areas-min-800x1008.jpg","content":"https:\/\/api.startertemplatecloud.com\/wp-content\/uploads\/2021\/03\/e10_practice.xml","meta":"inherit"},"attorneys":{"id":"attorneys","title":"Attorneys","url":"https:\/\/startertemplatecloud.com\/e10\/attorneys\/","image":"https:\/\/api.startertemplatecloud.com\/wp-content\/uploads\/2021\/03\/e10_law_attorneys-min.jpg","thumbnail":"https:\/\/api.startertemplatecloud.com\/wp-content\/uploads\/2021\/03\/e10_law_attorneys-min-800x1877.jpg","crop_thumbnail":"https:\/\/api.startertemplatecloud.com\/wp-content\/uploads\/2021\/03\/e10_law_attorneys-min-800x1008.jpg","content":"https:\/\/api.startertemplatecloud.com\/wp-content\/uploads\/2021\/03\/e10_attorneys.xml","meta":"inherit"},"personal":{"id":"personal","title":"Personal","url":"https:\/\/startertemplatecloud.com\/e10\/person-page\/","image":"https:\/\/api.startertemplatecloud.com\/wp-content\/uploads\/2021\/03\/e10_law_personal-min.jpg","thumbnail":"https:\/\/api.startertemplatecloud.com\/wp-content\/uploads\/2021\/03\/e10_law_personal-min-800x1835.jpg","crop_thumbnail":"https:\/\/api.startertemplatecloud.com\/wp-content\/uploads\/2021\/03\/e10_law_personal-min-800x1008.jpg","content":"https:\/\/api.startertemplatecloud.com\/wp-content\/uploads\/2021\/03\/e10_personal.xml","meta":"inherit"},"contact":{"id":"contact","title":"Contact","url":"https:\/\/startertemplatecloud.com\/e10\/contact\/","image":"https:\/\/api.startertemplatecloud.com\/wp-content\/uploads\/2021\/03\/e10_law_contact-min.jpg","thumbnail":"https:\/\/api.startertemplatecloud.com\/wp-content\/uploads\/2021\/03\/e10_law_contact-min-800x1610.jpg","crop_thumbnail":"https:\/\/api.startertemplatecloud.com\/wp-content\/uploads\/2021\/03\/e10_law_contact-min-800x1008.jpg","content":"https:\/\/api.startertemplatecloud.com\/wp-content\/uploads\/2021\/03\/e10_contact.xml","meta":"inherit"}},"menus":[]},"e04":{"slug":"e04","name":"Online Course","categories":["course"],"pro":false,"member":false,"content":"https:\/\/api.startertemplatecloud.com\/wp-content\/uploads\/2022\/05\/e04-content.xml","widget_data":"https:\/\/api.startertemplatecloud.com\/wp-content\/uploads\/2022\/05\/e04-widget_data.json","form_data":"","give_form_data":"","give_donation_data":"","theme_options":"https:\/\/api.startertemplatecloud.com\/wp-content\/uploads\/2022\/05\/e04-theme_options.json","depicter_data":"","plugins":["kadence-blocks","elementor"],"url":"https:\/\/startertemplatecloud.com\/e04\/","image":"https:\/\/api.startertemplatecloud.com\/wp-content\/uploads\/2022\/05\/e04-preview_image.jpeg","content_width":"normal","type":"elementor","ecommerce":false,"homepage":"Home","blogpage":"Our Blog","keywords":["course\r\nlearning\r\nbusiness"],"pages":{"home":{"id":"home","title":"Home","url":"https:\/\/startertemplatecloud.com\/e04\/","image":"https:\/\/api.startertemplatecloud.com\/wp-content\/uploads\/2022\/05\/e04-page_image.jpeg","thumbnail":"https:\/\/api.startertemplatecloud.com\/wp-content\/uploads\/2022\/05\/e04-page_image-800x4144.jpeg","crop_thumbnail":"https:\/\/api.startertemplatecloud.com\/wp-content\/uploads\/2022\/05\/e04-page_image-800x1008.jpeg","content":"https:\/\/api.startertemplatecloud.com\/wp-content\/uploads\/2022\/05\/e04-page_content_18.xml","meta":null},"about":{"id":"about","title":"About","url":"https:\/\/startertemplatecloud.com\/e04\/about\/","image":"https:\/\/api.startertemplatecloud.com\/wp-content\/uploads\/2022\/05\/e04-page_image-1.jpeg","thumbnail":"https:\/\/api.startertemplatecloud.com\/wp-content\/uploads\/2022\/05\/e04-page_image-1-800x2143.jpeg","crop_thumbnail":"https:\/\/api.startertemplatecloud.com\/wp-content\/uploads\/2022\/05\/e04-page_image-1-800x1008.jpeg","content":"https:\/\/api.startertemplatecloud.com\/wp-content\/uploads\/2022\/05\/e04-page_content_1575.xml","meta":null},"contact":{"id":"contact","title":"Contact","url":"https:\/\/startertemplatecloud.com\/e04\/contact\/","image":"https:\/\/api.startertemplatecloud.com\/wp-content\/uploads\/2022\/05\/e04-page_image-2.jpeg","thumbnail":"https:\/\/api.startertemplatecloud.com\/wp-content\/uploads\/2022\/05\/e04-page_image-2-800x1993.jpeg","crop_thumbnail":"https:\/\/api.startertemplatecloud.com\/wp-content\/uploads\/2022\/05\/e04-page_image-2-800x1008.jpeg","content":"https:\/\/api.startertemplatecloud.com\/wp-content\/uploads\/2022\/05\/e04-page_content_1597.xml","meta":null},"single-page":{"id":"single-page","title":"Single Page","url":"https:\/\/startertemplatecloud.com\/e04\/single-page\/","image":"https:\/\/api.startertemplatecloud.com\/wp-content\/uploads\/2022\/05\/e04-page_image-3.jpeg","thumbnail":"https:\/\/api.startertemplatecloud.com\/wp-content\/uploads\/2022\/05\/e04-page_image-3-800x2600.jpeg","crop_thumbnail":"https:\/\/api.startertemplatecloud.com\/wp-content\/uploads\/2022\/05\/e04-page_image-3-800x1008.jpeg","content":"https:\/\/api.startertemplatecloud.com\/wp-content\/uploads\/2022\/05\/e04-page_content_1402.xml","meta":null},"pricing":{"id":"pricing","title":"Pricing","url":"https:\/\/startertemplatecloud.com\/e04\/pricing\/","image":"https:\/\/api.startertemplatecloud.com\/wp-content\/uploads\/2022\/05\/e04-page_image-4.jpeg","thumbnail":"https:\/\/api.startertemplatecloud.com\/wp-content\/uploads\/2022\/05\/e04-page_image-4-800x1941.jpeg","crop_thumbnail":"https:\/\/api.startertemplatecloud.com\/wp-content\/uploads\/2022\/05\/e04-page_image-4-800x1008.jpeg","content":"https:\/\/api.startertemplatecloud.com\/wp-content\/uploads\/2022\/05\/e04-page_content_2173.xml","meta":null},"courses-list":{"id":"courses-list","title":"Courses List","url":"https:\/\/startertemplatecloud.com\/e04\/courses-list\/","image":"https:\/\/api.startertemplatecloud.com\/wp-content\/uploads\/2022\/05\/e04-page_image-5.jpeg","thumbnail":"https:\/\/api.startertemplatecloud.com\/wp-content\/uploads\/2022\/05\/e04-page_image-5-800x2714.jpeg","crop_thumbnail":"https:\/\/api.startertemplatecloud.com\/wp-content\/uploads\/2022\/05\/e04-page_image-5-800x1008.jpeg","content":"https:\/\/api.startertemplatecloud.com\/wp-content\/uploads\/2022\/05\/e04-page_content_1180.xml","meta":null}},"menus":{"primary":{"menu":"primary","title":"Online Course Menu"}}},"e02":{"slug":"e02","name":"Print Shop","categories":[],"pro":false,"member":false,"content":"https:\/\/api.startertemplatecloud.com\/wp-content\/uploads\/2021\/01\/printstore-all-content.xml","widget_data":"https:\/\/api.startertemplatecloud.com\/wp-content\/uploads\/2021\/01\/e02_widget_data.json","form_data":"https:\/\/api.startertemplatecloud.com\/wp-content\/uploads\/2021\/01\/e02_form_data.json","give_form_data":"","give_donation_data":"","theme_options":"https:\/\/api.startertemplatecloud.com\/wp-content\/uploads\/2021\/01\/e02_theme_options.json","depicter_data":"","plugins":["fluentform","elementor","woocommerce"],"url":"https:\/\/startertemplatecloud.com\/e02\/","image":"https:\/\/api.startertemplatecloud.com\/wp-content\/uploads\/2021\/01\/e02_preview-image.jpg","content_width":"normal","type":"elementor","ecommerce":true,"homepage":"Home","blogpage":"","keywords":["store\r\necommerce\r\nwoocommerce"],"pages":{"home":{"id":"home","title":"Home","url":"https:\/\/startertemplatecloud.com\/e02\/","image":"https:\/\/api.startertemplatecloud.com\/wp-content\/uploads\/2021\/01\/e02_home.jpg","thumbnail":"https:\/\/api.startertemplatecloud.com\/wp-content\/uploads\/2021\/01\/e02_home-800x3182.jpg","crop_thumbnail":"https:\/\/api.startertemplatecloud.com\/wp-content\/uploads\/2021\/01\/e02_home-800x1008.jpg","content":"https:\/\/api.startertemplatecloud.com\/wp-content\/uploads\/2021\/01\/e02_home_content.xml","meta":"inherit"},"about":{"id":"about","title":"About","url":"https:\/\/startertemplatecloud.com\/e02\/about\/","image":"https:\/\/api.startertemplatecloud.com\/wp-content\/uploads\/2021\/01\/e02_about.jpg","thumbnail":"https:\/\/api.startertemplatecloud.com\/wp-content\/uploads\/2021\/01\/e02_about-800x1939.jpg","crop_thumbnail":"https:\/\/api.startertemplatecloud.com\/wp-content\/uploads\/2021\/01\/e02_about-800x1008.jpg","content":"https:\/\/api.startertemplatecloud.com\/wp-content\/uploads\/2021\/01\/e02_about_content.xml","meta":"inherit"},"contact":{"id":"contact","title":"Contact","url":"https:\/\/startertemplatecloud.com\/e02\/contact\/","image":"https:\/\/api.startertemplatecloud.com\/wp-content\/uploads\/2021\/01\/e02_contact.jpg","thumbnail":"https:\/\/api.startertemplatecloud.com\/wp-content\/uploads\/2021\/01\/e02_contact-800x1286.jpg","crop_thumbnail":"https:\/\/api.startertemplatecloud.com\/wp-content\/uploads\/2021\/01\/e02_contact-800x1008.jpg","content":"https:\/\/api.startertemplatecloud.com\/wp-content\/uploads\/2021\/01\/e02_contact_content.xml","meta":"inherit"}},"menus":[]},"e07":{"slug":"e07","name":"Freelance","categories":[],"pro":false,"member":false,"content":"https:\/\/api.startertemplatecloud.com\/wp-content\/uploads\/2021\/01\/freelance-all-update.xml","widget_data":"https:\/\/api.startertemplatecloud.com\/wp-content\/uploads\/2021\/01\/e07_widget_data.json","form_data":"","give_form_data":"","give_donation_data":"","theme_options":"https:\/\/api.startertemplatecloud.com\/wp-content\/uploads\/2021\/01\/e07_theme_options.json","depicter_data":"","plugins":["elementor"],"url":"https:\/\/startertemplatecloud.com\/e07\/","image":"https:\/\/api.startertemplatecloud.com\/wp-content\/uploads\/2021\/01\/e07_preview-image.jpg","content_width":"normal","type":"elementor","ecommerce":false,"homepage":"Home","blogpage":"News","keywords":["freelance\r\nelementor\r\nbusiness"],"pages":{"home":{"id":"home","title":"Home","url":"https:\/\/startertemplatecloud.com\/e07\/","image":"https:\/\/api.startertemplatecloud.com\/wp-content\/uploads\/2021\/01\/e07_home.jpg","thumbnail":"https:\/\/api.startertemplatecloud.com\/wp-content\/uploads\/2021\/01\/e07_home-800x3575.jpg","crop_thumbnail":"https:\/\/api.startertemplatecloud.com\/wp-content\/uploads\/2021\/01\/e07_home-800x1008.jpg","content":"https:\/\/api.startertemplatecloud.com\/wp-content\/uploads\/2021\/01\/e07_home_content.xml","meta":"inherit"},"features":{"id":"features","title":"Features","url":"https:\/\/startertemplatecloud.com\/e07\/features\/","image":"https:\/\/api.startertemplatecloud.com\/wp-content\/uploads\/2021\/01\/e07_features.jpg","thumbnail":"https:\/\/api.startertemplatecloud.com\/wp-content\/uploads\/2021\/01\/e07_features-800x2584.jpg","crop_thumbnail":"https:\/\/api.startertemplatecloud.com\/wp-content\/uploads\/2021\/01\/e07_features-800x1008.jpg","content":"https:\/\/api.startertemplatecloud.com\/wp-content\/uploads\/2021\/01\/e07_features_content.xml","meta":"inherit"},"testimonials":{"id":"testimonials","title":"Testimonials","url":"https:\/\/startertemplatecloud.com\/e07\/testimonials\/","image":"https:\/\/api.startertemplatecloud.com\/wp-content\/uploads\/2021\/01\/e07_testimonials.jpg","thumbnail":"https:\/\/api.startertemplatecloud.com\/wp-content\/uploads\/2021\/01\/e07_testimonials-800x2077.jpg","crop_thumbnail":"https:\/\/api.startertemplatecloud.com\/wp-content\/uploads\/2021\/01\/e07_testimonials-800x1008.jpg","content":"https:\/\/api.startertemplatecloud.com\/wp-content\/uploads\/2021\/01\/e07_testimonials_content.xml","meta":"inherit"},"about":{"id":"about","title":"About","url":"https:\/\/startertemplatecloud.com\/e07\/about\/","image":"https:\/\/api.startertemplatecloud.com\/wp-content\/uploads\/2021\/01\/e07_about.jpg","thumbnail":"https:\/\/api.startertemplatecloud.com\/wp-content\/uploads\/2021\/01\/e07_about-800x3036.jpg","crop_thumbnail":"https:\/\/api.startertemplatecloud.com\/wp-content\/uploads\/2021\/01\/e07_about-800x1008.jpg","content":"https:\/\/api.startertemplatecloud.com\/wp-content\/uploads\/2021\/01\/e07_about_content.xml","meta":"inherit"}},"menus":[]},"e06":{"slug":"e06","name":"Control B","categories":[],"pro":false,"member":false,"content":"https:\/\/api.startertemplatecloud.com\/wp-content\/uploads\/2021\/01\/e06_demo_content.xml","widget_data":"https:\/\/api.startertemplatecloud.com\/wp-content\/uploads\/2021\/01\/e06_widget_data.json","form_data":"","give_form_data":"","give_donation_data":"","theme_options":"https:\/\/api.startertemplatecloud.com\/wp-content\/uploads\/2021\/01\/e06_theme_options.json","depicter_data":"","plugins":["elementor"],"url":"https:\/\/startertemplatecloud.com\/e06\/","image":"https:\/\/api.startertemplatecloud.com\/wp-content\/uploads\/2021\/01\/e06_preview-image.jpg","content_width":"normal","type":"elementor","ecommerce":false,"homepage":"Home","blogpage":"Blog","keywords":["saas\r\nsoftware\r\nbusiness"],"pages":{"home":{"id":"home","title":"Home","url":"https:\/\/startertemplatecloud.com\/e06\/","image":"https:\/\/api.startertemplatecloud.com\/wp-content\/uploads\/2021\/01\/e06_home.jpg","thumbnail":"https:\/\/api.startertemplatecloud.com\/wp-content\/uploads\/2021\/01\/e06_home-800x3446.jpg","crop_thumbnail":"https:\/\/api.startertemplatecloud.com\/wp-content\/uploads\/2021\/01\/e06_home-800x1008.jpg","content":"https:\/\/api.startertemplatecloud.com\/wp-content\/uploads\/2021\/01\/e06_home_content.xml","meta":"inherit"},"features":{"id":"features","title":"Features","url":"https:\/\/startertemplatecloud.com\/e06\/features\/","image":"https:\/\/api.startertemplatecloud.com\/wp-content\/uploads\/2021\/01\/e06_features.jpg","thumbnail":"https:\/\/api.startertemplatecloud.com\/wp-content\/uploads\/2021\/01\/e06_features-800x3453.jpg","crop_thumbnail":"https:\/\/api.startertemplatecloud.com\/wp-content\/uploads\/2021\/01\/e06_features-800x1008.jpg","content":"https:\/\/api.startertemplatecloud.com\/wp-content\/uploads\/2021\/01\/e06_features_content.xml","meta":"inherit"},"pricing":{"id":"pricing","title":"Pricing","url":"https:\/\/startertemplatecloud.com\/e06\/price\/","image":"https:\/\/api.startertemplatecloud.com\/wp-content\/uploads\/2021\/01\/e06_pricing.jpg","thumbnail":"https:\/\/api.startertemplatecloud.com\/wp-content\/uploads\/2021\/01\/e06_pricing-800x1972.jpg","crop_thumbnail":"https:\/\/api.startertemplatecloud.com\/wp-content\/uploads\/2021\/01\/e06_pricing-800x1008.jpg","content":"https:\/\/api.startertemplatecloud.com\/wp-content\/uploads\/2021\/01\/e06_pricing_content.xml","meta":"inherit"},"support":{"id":"support","title":"Support","url":"https:\/\/startertemplatecloud.com\/e06\/support\/","image":"https:\/\/api.startertemplatecloud.com\/wp-content\/uploads\/2021\/01\/e06_support.jpg","thumbnail":"https:\/\/api.startertemplatecloud.com\/wp-content\/uploads\/2021\/01\/e06_support-800x1291.jpg","crop_thumbnail":"https:\/\/api.startertemplatecloud.com\/wp-content\/uploads\/2021\/01\/e06_support-800x1008.jpg","content":"https:\/\/api.startertemplatecloud.com\/wp-content\/uploads\/2021\/01\/e06_support_content.xml","meta":"inherit"},"templates":{"id":"templates","title":"Templates","url":"https:\/\/startertemplatecloud.com\/e06\/templates\/","image":"https:\/\/api.startertemplatecloud.com\/wp-content\/uploads\/2021\/01\/e06_templates.jpg","thumbnail":"https:\/\/api.startertemplatecloud.com\/wp-content\/uploads\/2021\/01\/e06_templates-800x1334.jpg","crop_thumbnail":"https:\/\/api.startertemplatecloud.com\/wp-content\/uploads\/2021\/01\/e06_templates-800x1008.jpg","content":"https:\/\/api.startertemplatecloud.com\/wp-content\/uploads\/2021\/01\/e06_templates_content.xml","meta":"inherit"}},"menus":[]}}